-- phpMyAdmin SQL Dump
-- version 5.2.1
-- https://www.phpmyadmin.net/
--
-- Hôte : 127.0.0.1
-- Généré le : ven. 05 jan. 2024 à 22:22
-- Version du serveur : 10.4.28-MariaDB
-- Version de PHP : 8.2.4

SET SQL_MODE = "NO_AUTO_VALUE_ON_ZERO";
START TRANSACTION;
SET time_zone = "+00:00";


/*!40101 SET @OLD_CHARACTER_SET_CLIENT=@@CHARACTER_SET_CLIENT */;
/*!40101 SET @OLD_CHARACTER_SET_RESULTS=@@CHARACTER_SET_RESULTS */;
/*!40101 SET @OLD_COLLATION_CONNECTION=@@COLLATION_CONNECTION */;
/*!40101 SET NAMES utf8mb4 */;

--
-- Base de données : `gestion_concours`
--

-- --------------------------------------------------------

--
-- Structure de la table `concours`
--

CREATE TABLE `concours` (
  `id_cnc` int(11) NOT NULL,
  `id_user` int(11) NOT NULL,
  `libelle` varchar(100) NOT NULL,
  `lien` varchar(255) NOT NULL,
  `ecole` int(100) NOT NULL,
  `matiere` int(100) NOT NULL,
  `AvSa` varchar(20) NOT NULL,
  `annee` int(11) DEFAULT NULL,
  `created_at` datetime DEFAULT NULL
) ENGINE=MyISAM DEFAULT CHARSET=latin1 COLLATE=latin1_swedish_ci;

--
-- Déchargement des données de la table `concours`
--

INSERT INTO `concours` (`id_cnc`, `id_user`, `libelle`, `lien`, `ecole`, `matiere`, `AvSa`, `annee`, `created_at`) VALUES
(25, 1, 'Concours INPT', 'https://drive.google.com/file/d/1TNWF6XnAbWqjOQ5ov87eOfNpK1RVkHWF/view?usp=sharing', 2, 3, '', 2003, '2024-01-03 03:39:38'),
(23, 25, 'Concours ENSET Media', 'https://drive.google.com/file/d/1XMP-R9Fq2Vx0u9bNsWLzhGSTWuCcpB6S/view?usp=drive_link', 1, 1, '', 2013, '2024-01-01 18:01:48'),
(22, 1, 'Concours de FST Tanger en Anglais', 'https://drive.google.com/file/d/1H3xLaSgwpAcRsKU01Aod42AjQw8Rh0lt/view?usp=sharing', 8, 4, 'sans', 2015, '2024-01-01 16:17:50'),
(27, 1, 'Concours Math ENSIAS', 'https://drive.google.com/file/d/1l0-f_Z6XRufB1TwK87ksFPIoARNPevKx/view?usp=sharing', 9, 1, '', 2022, '2024-01-03 23:29:48');

-- --------------------------------------------------------

--
-- Structure de la table `ecole`
--

CREATE TABLE `ecole` (
  `id_ecole` int(11) NOT NULL,
  `nom_ecole` varchar(100) DEFAULT NULL,
  `ville` varchar(100) NOT NULL,
  `abbr_nom_ecole` varchar(50) NOT NULL,
  `image` longtext NOT NULL,
  `about_ecole` varchar(255) NOT NULL
) ENGINE=InnoDB DEFAULT CHARSET=utf8 COLLATE=utf8_general_ci;

--
-- Déchargement des données de la table `ecole`
--

INSERT INTO `ecole` (`id_ecole`, `nom_ecole`, `ville`, `abbr_nom_ecole`, `image`, `about_ecole`) VALUES
(1, 'Ecole Normale Supérieure de l\'Enseignement Technique', 'Mohammedia', 'ENSET', './src/enset.jpg', 'Ecole supérieure de formation des ingénieurs, masters et licences en génie informatique, génie électronique, génie mécanique et génie économique.'),
(2, 'Institut National des Postes et Télécommunications', 'Rabat', 'INPT', 'https://upload.wikimedia.org/wikipedia/commons/thumb/9/9a/Logo_inpt.PNG/420px-Logo_inpt.PNG', ''),
(3, 'Faculté des Sciences et Techniques', 'Fes', 'FSTF', 'data:image/png;base64,iVBORw0KGgoAAAANSUhEUgAAAlgAAAA/CAMAAAAL1kYlAAABGlBMVEX////+/v4AMYkAI4RFaqbfAABQcKkALIcAKYbr7/UALogAM4r4+vwAJIUAHIKGm8IAH4NogbGwv9cAOI0AKocAAH319/oAOo2lttIAGYLp7fTh5/AAGoIAHHDX3+tia5wbLHfG0uQAP5B1jbkAE4G9yd3P2eirutSgsM5+lb6Qo8YARJOKkLP+9/gyWJygpcI9YaEfTpcADICus81hfrD87O27wNX0r7TgABRVdaz3y84AAGn63uD1uL3AxNcnUpnxn6TzqrDnTlfuhozjKTblOETiDiLukZb2xcj51djpa3JweaaBibKWnb7T5PLvgofoW2XjHCsxQIQAFXAhMXtRXpflPknnU1xLWJI9SYcKIXLrc3rpZWxpcqATBQvyAAAgAElEQVR4nNV9DXubxrbuQp8gISOBhD5waZEEQhArki3bkWtbdtI0dpueNG1392nT/f//xl1rYD5ASvY+e5/7PPeSRIJhPtasede71gyDAgCgaaBB9k2f9Eejq+xMk2ksKU/T5EXxVGQEcVOeqAUAsub4R/6tiKJ8q7nEqZKQC8kLaWpOtY5yodJx/KbLPu5/vPBUmf4Hh/bZi/8/j+NdOJKqqUOVn2n5UPExzRIytWocacURFAA80h6vr1BEzZ9Xn+FSuRY1c6xKeVR8alJYKa/ICDnK1d7y5GK/eVui4xrc/4Qn9xfmS4guDAD/J+UuSDVo4lq5odqE0gGhVykCyCylnKrI3LgVFgDZPyFMqT+yhwfGefxKSdS+mONYGVlCKzMMpxYxXnJURb+UHCI9z1q4q6RBmblAPfnsAdqxLFC6JVvRtOLp0XLSCGRmCV6eh77uo3vXexkBvASYXF3BlfvSVHKqRF2o6zCPFLeknC/3XJ4rkindkFeqNMXCxR5qEpoScUXNiNuyW4IWtMJ9qSuQ/YODPh128ouD/m8f/3dq/V88OMPdR2C8iMDWCFg2uBcXoF2YAAc9+ALyP1P7P2n8X771L+sSjl+BAJ52iMnPVfDPeyAYSwKXc7km72oa90iCw7mT0ThIJdolx2vqlab24HgneO5/KnZR/HINn1Nimed48lEUwFUA9/c+aFcAoUvAGgEYAbjRhQbv3YKC1FEq9AzUVChk+sw4gXJWFLWIZtn5I40f1Cp6CkpROVaczvgIa8roFmrO09U4gFfLi4kwIKc0iSyQDWslMUq9VEMFEJJKZi1gTxFdNnzUeWsFz34sw7/o7/9n6aVjcn91H8ACAWZC5OXAunchmGgXF8bFfyLBf5r336hAjK+i+yPa1Qrf6jgdGTKtWFoGfDKGLJjQZyizYCjSmo67heLfss0pTHlY9KipSXACJ9Mj9nhAFYed4dSRW5qmnKq2DuT7NIzb/YhQNQkyVwgXDF7eFQSeatGSaFXDF4RQpPCiRGopadia/IRy3mLPFWuHAvUqMhRcnRgEoUsAmUlpD5QqJVcU8Ck1CkIdUJbw3z8+W80RxB1JKfuFo7lLiFSK/oudODSQQprqIpieIh/5aUI4Mq9AswlnNrlFDwN5irJegtAfFAQ50qVD+ymWzM9Vblftsdh5gdViRQDlTpQqLnS0WHVBD18Qu5i9KG6hgoJuPscTkiCOs8AXjqLUZfLQyspQgwpljqGBVszHE4S1lCdjx1hYrfBARrW39OcezAvkJCIoDK/wc4FA8gJ0g0RYyGIw8u5h4h8y0GfxJGnoAB1q00V5ZUhUHvCSiRVxpqrs+Mh+fii/NLhw9LQkQyZHObJSiBg0iT0ouU2FNkEOrhzoQj0SAbI6YWMqAfPr3H9rsk0eyOXFRAbFNiSfgyZ7xLEr8Kh0RivHDqLGycXVvQEjk0FoQYHVCIGFLvECjJCRVejBlUdTRCGmQPhB0KKGMhrvifirXErd5WOjdkDKqh20w3Mr3RGaEFmLvCWq/Mxx2BN5o3ReyKfJBsU4qaRRwCR33dLoC7kVkKnDV4Azb1S112PmccReigJB8QJATZeVFlQpvwQhCLgdkAal3bsehlfmiFGWrbn3QK4wcNETIoGhg/QQXpOfKKwvylnulCotqHKWCKgQlBQFE3kLNK0MVJHJRN9KDSgKKuBBNTfZiCZxwu1VfijdUYEkbVwwlES8+MOFlFLgt2lCUaT8thhLVSeqBqV5QqFBBfolW9SUK6EHTdwRnCSUqORgnwFBQMqgCiba+6zNIpz8K4ROCMYVBe4XECKwbNPzkb/cK3ARci5l8j9XgyBQabhFzamaPCz6xUOKXlTPF0oKSi2xmyYApV7kWPHsAoZBqlcppZiMklSCfcFuJBlNRtldt1FzFczgX2aw4FoAFqpYM0UTwgolS3FbAk0sAQkEg0I8kv9UkUqAV8oXpeW5ZvP1eKOuNUlkQVJmqSLnoQGxZzdXmcNzEUtXWmAgsJDJEEoXLjlJwhXlkarmrRR9jjAY9RpU3dDdsGcoIyFMXJFRGSoVWYUkVVtwMJhKm3woZB5ORfJ+tK7N42IlKsdxxalVyIE8tBQlVbBIY5Z9h9WTUcEstBr7slbg66kNcZinu0bZnpQWzHUlULmTZZoUc2rKtyShwi06vEIJzkLsdGIZI3t5WASPeHPUtpWke9fG2Mq/xxDd1C4wYvd9zydgXWCsNbmHcMJwpcVyNUtTKvgyIcl7mszk6OnREiq9iAxufrpITJnuLehTSVBFECAQSfQv9NXhtj2lJfzazRsrtyQUkkh8KKUoIxxDoQPytiaHiJ2tt/lZEGY5jFwrsUOcALspTNLKxnXivKJkIRUn3U+O6KDatfPGDU4zocWVyDmPS1e44J2IGyGd+FvONlx5hZ5AkqqYFHUkqXvYX4UYLgg01NXonsIsnBwutCs3QmDhF7lEPwD3JRG5CfcGrUgUGUklYEmDkn9yagGYBbz/EE9DPuAFw45HwPlf1BVMF+gpwN6ngyBrO0pcsKgGdyYZp8RRxZ6yDOu1pyh4s8Or0OYp4CZmUJSZvhcdOx9If+aCIlqB96XAXAROZ1w7rJO9GpcK4i3WZkwN1h9v3WTz7VkX8T2dGOMkV1+a9w9cN682WO9D3kNaCMoqTnmIslvxwZFAd5MkkpaAQ+xznffm2BIey9QUFmDwYhJ/3ko3cry5dpjfxZNFa8LyhJFsTBlLeMn2M3gxQ5bHgivtSvuvwPyvyFjg1NBcgInzQh81DJP395EkH+5gNE2tsvgtmcpt9eQty8tFyW96bNggrcni/NZKd+hh5epkmZX3Niv0WavWGodnz03pc+0rbGJUOolM81pVdEfrBCQXGOtD8XutjFq9XX9gQOkQFq7YWdGVZgD3CJc4F1pu8i67q1OSJRlbdNs6remEFkjmBiR7MNu9vEuNTRZ8matJJmPS32zmgdCpwYIfsE97OaytkzzEAGOWelmZ9VjvOL3Ezq689HTL4KbBaOVly96jsc/BmsR5+YWpRbSQiVJ2a50gL9zud9YmlV6f7iHsstK9cWcTu4cqoCWFlzjMZmxAFCBhTQLTOLv+8MPd3S2q5AJizUS+CpEttKsrenh4XIn/7ABzXxNsMqtWXIUejPZ6vCQdN4aSC/hdb8cY3x0RUeFJb77D2NceIy5mfV6LwpdHG6d/s76v0P22gg4+3UnagTA9VE7UWVKbE72y6Zlf6NyRlKzSACVMAwSt23KTdo7I2jLpoyG7mxVmG3VrgU4uDMK5D+HQhRW5TJsWq7uZ/dmbrFyEFmV6bAoAHt5qxLntYXgNEZp8cMrDs1XaHLETvxf30mF7vsjS943VFO3UsBCtZMtsvj+Oua2cB9l3UIPEjkmO+KQW6vn9WXM67RM77laNlhfN6TRYbtvDVrr0TWGjmUJoSgj3F6jqBVpVRCvv8O77ev0jwO31LWjhRENcjbAbPsX47r3iBKAIAbVeAHHCnY215udmf9+yBMoMWCJWDAqYRhUmHZ8zCS6kr0mnw4JfN3Ex54R6NZp7methcRiXQPF3hRnAVZulGfYVxTajPY3wKmdNwtVmahT8OgnkDhmX2PrelMR04G743EOqlkcqPiImPN3bs0Zy6o46I5uOpLMcOXgaNrB5c+UMW8PNgtJ1y7YcA3boAWEbU8KMFZgNY/bda7etMFwQZbk91EhzmlXYQ2YDy7LtuN2wsxJ6L81uLsJoNHTWvSzdqjrTKo5lHMCk66CrHdENZ53dtRfVZXay3drD0Z5cxNQZVpx9fj8ZDuk01p2pHnpji9KCYFtptztDTujCV1wEJk0MCe8hIQu0n+v1v+7e1b97gKdnvHyJISxNC8mVetEVqBVIH6j4B60QOdmZhpFT17xEWLGcFS/g4wiPUCpzgwTcYvVuJlw+FtpmHsxqD7nwew9MnD1BdJ4bqNVdyD55vItuDpVcGF8n+9emet/Bk6CP2ZZTNw/Cwe5uKdIRfcKPXZA7Swi6lZ7sdtnNiuhKRr7cJHoky7rd6bc65Ds6VTr0dlNvs1OkaaOWVldJhy4rjl6tol5m1JkNJUz7lKu7aWUFm067X+2e0kAkhK5lJUvvYPQNjW612k9bLOFk5bSGDt7s4J+T7mhayWvoL1dVGoYG1mFtVzVYYqlOXgqPVM++9VanoneR8ya1abW27OTt6I5Dgp/O1vrUME9Z5m6301j2dkEhxMLDvDcu7t2Mj/wFBW+f6h9vAK7rr+rfXT5dgmvSDIxxmn9xr11J9crJQ3E2LCBDGjBOEFPbqOVDIrAUdiutKR/+bc6zC6ThhU5n0ThRx209ZVeNtVXNwkR/jjzQwH/GPKf7amulycopYmERR0dPRDCNOGsSzwfj6ZQicndAlKfnsR4CdbOshkq4hifnCKZZg10t21VL9ptzlvCjiltXfSO4FPaie+vNetsFzr566oFpEZPLNwy63toz+kDPR2hf4vkizkr4iVJsS6E9DKkvkz7dn8221GHMu03CrMB24u26a14i0tSyLK5ab+KQiBBsLLAMuGBJxE9IPFoTkuKx8jGTCD0HzuggLzXzc/MqxgLGPQ7Q1QX25Z5FUHBTr99ivrv6q1f1j9o11oy0eYEcEl1QDVf/cowFNIGB8BydqxN2Qz5rpaO3X7QnufJXSc4v+ggWc+Zx1pweMsTN2ZfVSps5QdXwvlUjqLBYEyE7q0z4kKbO0MkmPpvZaqdWtCEIe9Z0SJ4DpgvyUh4PVjuO3rSKhjFbyfDGbXS/EF0KcBVmhdj57n5kx6sYjh0j/xjjH/EEC+8gk1edYgyULYyx8PewouBgssEr1iiwG+rOsFdarrG12CjlPiKgUlN2zHZe0aCYdXr3Lh0XLw3X+4l68Lr+gJ83b998h8h683xJfvLCdO9/ikzXcN2XxcDqM1qmL5vNrs3NvjF10laI9FBr5Md2u3MmufLX/Q1L201jCKtrOlunu4ZytLP7CJhVdkb3VzhdM6cZI83a6wqvztiNhu0dC/enm71a0W6zwatdbThk31OEUTDP50MQNjbWrN0oHLVpo7F2MqF3u/b6i8CSkR33hfg10fud7nydLVTkNzh67HN9wnMK/yr8tpK2OG8ZeYoc5VTvVE83RCnR4DziBJrroDAp5/Fu8dzerzY9Dsi84tFgNWgIXy68kSab1rhcwnwoiBicymUfqRL3l1+/wuObP/Hrz1+/NrV6/ZLR1uXZx1evPp49wdVvv/751Ve/fvMn5fv24tgEDJS/wnjXV0xLy1al3aygm/HH7Yo4WgQsJnXczZNx7jFpsTPHqShH22lnX47T5in4jwErC+BGJ44gwFGlNazUWM2r1nCoVpRX28y++gSsJn8CQIut4UmlcLBmuCjt9uqA7TXZYckZUg+Y6iU9KxCY4+ObfVkLPgnI04uTIgE4s7eQjoZTjhH3ZmySD9kSgdB93rD00keJALz9srFT/BfLFrrhhM9BxHzkyEBLQZj6w5lEorAQRPzfvpbHtz/d1t/ird/rP7+6fcAw6/bO+PW3H8X9v72X1iDiVZnAY19q2BzaGVFuatvQWmN4FNfUgy+6waiRJawpvMDvRq1R+xcOVIvr5Gvlo41jZO2bm0q6rjEXAcbMSQ/LbQN/y5pDB2VvgauCPhI1H+Ms9egVCEd+KZ3mLFOawQidKIMtVCY8J6gjp8BB6FodZl6vAmfBJgpbKePCh6fQAXElpdU0cUPWKeGiKRVIAtWK9bLD//Yrfvz6/quvb+uvMfH7+ln94Y4BK/r2619kjh/LKi2GA0qKmQ5jz4t6pwv4nx1uuD0aHhw56BknmXPSbOQpEz2LwxY+zWi69pfLm65yUYomXK9WeuYuh/HgUkBCeiSZQ6E1cVtQQsHp8HETQCyMpXBKCj1oBy1LHhVY5V+KMxTpIAvIU5A5lEuFDAvMdfyAe8lX//jbtz+d1b/XJLBeXd4ZX33zD5nlR/h8TcVT2OpN/NNvGZ8tcbSWsD+d2wcEfHiaa2Wy32/3/Y5YO15l8bzdb+yG+hoUFR3UAWp6oUVyYv10bAkS+ZIWORFoki0EVqAAPQW+khYkx6k8ognOkDlkEkcJCNhyzlHOy8kC8bInEplaIYvS2YNPaREF5QoOyxMg+ua3P3/7hh8/mvCxfiOB9fryGe5/4Xcx51fvTV6T4ENlfLi62MdyMxxOGz4orkGSLpdIjkDewd44WQKIHijmrA6maBYd2FBPA+CdTdZZI8au1dzxp8q830LPCvcXACDIBpLxcmnIceEqUx2M7HPRiKWQsucl4RVUHjv9Ah+UU4RhFLFXyCDulfSo8FsxXVhKURhJo8rNo1Jq9HzT++aF5uYHln2o/y6AVb+5O8Mkftf/5oVpFJ5sfIZZ+LBNJuIhEhQ0rAothcx6H6jELAseNCW66/rK86Eo5Qr2fMUgP8M2yo3SUELkHhkiRUy1RsE5Cpso4iuJBS7hIJecp/hZgXko5FPbKhYruXKFBA9JTrBiqay0EqWeYiZNdgiKGUVSLteLH1/4yq2z7+ofOLDeXT6pJd+/eO9xu1Y4SwogVVhSkyqkpgkJed4SfchTrZRUqEuUUQ93I+hO0BrvcokeFYAohiv0I+VVO1TKLijtnx5QxGgJ7VDOK2QXQgooi9ahaG+gVCQak/ZSFEC1zAPxj/LFoWUfDI+mqBzuL96bX6s8f/uq/ncC1pt312fXoIzK/csL7x+FEdK4FcrT4pfUvbR3BRIKC4CmKFsBnDB+0awYmnKWrGG/mF9WWdS8pkCLU0hJd0e0LIcX1E6BdqRsjm/eaSMypJY1wXKK4kX/s726RV1JOuAJmIsv3pUOqVNFbvA9ToTFcfB8E0RCqQ61OhWtpUzCOSj6gv82rOjiSgzbw8/Xt99h1P767dPZ8x08Pl4LJf03JPbF/SF+4fDruAkfljmWF8o1fqaKo61/sf3//UPhA5Gi0mm45KCw+ic6W+9xa4t8HBsJwIxWRoykBm7PE1X4m253z7xIhJnBX2UPMYN1thcLgv1qtdr4SasVscqN2GMrJdsJW0cJcoD0lgrYgmm3SxvSkhqfCQdsuu42OidDdpbQY4rEjhfu1ttO8kxRHPvCVURJ3pl4uQz95TJ/UjFZd0+mgUA//34ZBdqPYtr9qf6x/gbe1V/VX99cv4M3t29uH/i9l5Fv/OiWiv8/f/ynQv5LnRXELWCd0Sjbvkvn1uksXHZp20J4ss5x5/Ro9yEEvW4ag9GJeCteZb9Y7DuGO1rNG4gFLIvgizfjXT7cYX+2XM68vZ1DZ7XRepteb7v09F2PPYFkNNIaGlweiLpre5ROXZg5Ri7tjD27XbcTe3dOD09TnFpDLaktjfPw3GPgdGvnrf55jzPaaJgzq7V1llenW7YNDMx0GtvrbiSInJvXj3B1DzyGeKDQ6oe3r757BZeXtw+37+pvboDf/RHueU5hroj8rSucUUiYZh/gRkmAczN65MkexTNBG+y59C7ivstK+IhFtcwWZrOZxewwazKwZnG+y80YzZahDPAiNufDVkLsP5t6Uv4k20ucEUZvkSV6CasTqYANDSsDvtXrzUZs7+QktNhOmmXW7CSwPAi3Zo4P4a9QtslkNhtJH2zEQiTONrngOY3FqyzzpGWBBwntr+rt9XwP5zAD1m5O8HArYq6x7LumaQyXXt8hTZibzcZFZEx9Hl2EbfaQL+42aTRhWfWgxx6v+l1Pdj+eVmzhrXa0S2jSSmA2NPL7S9rmEI6pCbobNlN6tt9rWkan18n2IzVaYdpYnC9zwRZ8xxoC0Ao7WUsQIyBd2DSUEAQ/3Rcv/vbjL+/fZ94aPvz++i3cfV+/fv74VK//fnn56vXDw5szdvPi/d9+/OP9e9UXsp7aLb45BaFMGy4T/HB7ziANwBuzZ+l8X6J7Ts+lJ9WQQ7PR49YeDtjIn8wSa5vvviVonG+TTba/0nccqzdv8DfQIOwa4M6Gg2kIxiDKQbAYizUwvEoTNoKLk1XSOCfeDlDx7nI6GGKmzqY3a5wvCNLVeY2AtVxn4NPPVx4sWnKqmfUOtksnttJZj8dGELWnJJIIYcWnlgczdm+T7a0PB0Y8SNyOjcwU7q0CsKDXCSAaOUm+uUJbLc1hG2Z78KY1RFAw9se0c7y94zWH7WyXu8HMYkF3e9sMWL5k1n0yq4ngzdmsV6v1tMaBBba1Ti0LlhVK37c92G5HqQk7p2IZ/WGLSe2fLCDdIXCzZ0cELM4ItcaslbfTaMDmdBLrRUo3fvnmz6/++OPPzEU+15GqLi8fHx6ftbOb2+sPH+vvnt9pj+zm17/9gXl/+6nsFGxHvoSwpL3FIwcR07bZBsUxUUQt38AALukAJv0w72/+4kqmesZbffFiCh3WKVHRkuzQdSgEMCpbUUA3oFddUCvGOXcjq95S2fm/YXwYzRmNniOXBboHy5MRk3ePNcVomUa/lpdmJqxNN0wXC0ddlc8rXCezbS6fRhtf6cJr9QSFc7nz8NadOkMdsTTJgGURsOyKFtM+IE8CK+mGsGwN23xfNgKr3TJnG3D39Py614AdNmSkDb4ZIWxnstFiDvg6bcAgYGkZsLBxk/ZlnnvBfMJx7mxWEliU2Et7vZWeAWuFwDLnoTEPYIe2YugpAmtiQDCPIG2APc/DfmKsnL1r05Tth/UyYI29WDeVgaPj4tc/2ZuFdFzX6/Xv726f4fnu9ueHy5vL2+u3Z5dnd08MgxG8+OoXRdW8m44prtn2JbuFbuXUolRvTm6ywfdXZcDKNkaxIwcW+TwGLHoqzK0M/+kJtQrTJW3TdWkWZJ8becsELPtkyYA1yPfzG7rtzUXlDFjke0CLMLjYZMAKT7L99eEgmNCDaK0x5NsF2cjO9MUxYLGjxoDFOx6PTRJp0eVvySgMl8cK8cqEqNUPJ50EIhid+LCeobVFsOvUYJoBa0m7yrRJO+JlZ23EopnODHKBAF0bHZbpT1emdIVMtlEfvaO52Q+XKmORGvadJb1MZqYxp2/arIrBW+YKqQ7ynXETbOYKtymjB/Qfu812aXSXHW/Rb/teNSHG2rXzLb2KK1wvbXKF205Ni5ue68Gqps6RSYqrX7+it7vo4hpR9foSnp8/3d3cXl7effrh9ll7U/8Zbu9oOnMPL379Q8w5eYS12Qz3K65tq4KubE0mZDcdHC/vnFSw4xudCFjuau9sNvk7GY1ZZgDRZuOsVi4Cy81dI92fDHzYDQLYIlzRM/jnKzDYuwR0k4CF+ds2cFeoQXDiwWaWj+p2P0w39MaEBfZgBuHcZMCCoN1m+wq2aS1lcs+6K6wq2aRTthk36W68DFi5P5az7F065S864L/ZGkVaY+v8Ny2AOwoeZ7EYa2vh53JsRUm3h/JHZE4YIrT8tBEEqzUk+5MeRimViAfaXnMVhuvOxO+1prEWVlxwh3a07acjM9Nz2PYnnmdi8G7BtmWEGHv3dsZkYnidcDLxtMUqarpDZGhrwykm6DaCcIN94q6QgJX00e86i6iHEQE9uLfH0LB6S9Tx6WRj44R1OU/S2mwe59ETYywWK5vrZai7rnHqdSJzmNpB4zTgMQDH1v23X8HkiukE54Lo9c4eLi+fnh+fru+ebh+vAZ5e3717xyCIwPqaWw1HFga+DnspKAgp7k121doSOUPrdZYa8TGFAVs0KfbuIgFLCxeVJMwjSAYsioJD9AdYQdBy82jX9mmXZwj2zoAamqM1BbMXg0fk5NObBgQsbVmdmZkrZAhIHPw3NTNPFYRpL/TYtkBvF8Cog9V3aJJVnbG3Msyhzop5e3qVDPxwu6I3mSa19gg4sOgVs9ksfyqFiNjmQWFEjn6ZYigZgz/wuCXk00IBMkQrCtpp4hjP5udznF4l5AYXVWM13Zjt7nzepW3v9got5jRbOqCqguH5OZu/e9bcbtArDTSD85bnYdaQPT85HQ+ipN2PEnonzjr1eqfdk/HG63ZPTga24Qx7zA36A/EMNeyfn2+wIz09A9YWdZrM6d2k8/Mq6pWiCYz/asluhnY68JJWh2rudrr6iHv6UTsPfhuV7tKeOymsp6kB/n5wrttFN4ZHhMCil1Xx+P364RLZ6eb67s0PP393/fjw7vnm4Rlu/oI7un2BwPrHoX8ImdNIOk3GxuY5Y+OezjySd04OkYC1cpDSM1doHHOFWYwVtDK3agynVaxnxZwTxZDo75nDmqHf9TtDbJKAtWT18RgLG6plysw7mLnChO0Phv0uc4XJPNdB1OrQLl93yl9UZa5Q22c76xmw8I8ZBIHBnXMtj7HsrlOj+QZrtpe9lqeJJazsm31M2IsCmX8KKNykX4vCOl0tQP6kI5McoRm4OTnSR5SjDFyPtW4E7CIPAwxWkoUGAYvWA99ndZnshkHxg8cqDiZCHpM1DX6QSUlLsF42RtSywU4jz/d8H0UJXbaeSqUiHjtp9OsL2YGteSQEUDfoOhK/RiGRZSCwoszin95dPjzdvHn4/Qf46/e/4xyx/unh9vLd5c0zK4PA+va9LMkrsZnHX/dieq+ID3LS2STYqHduaCa5QnMQrnpK8J5Jyhgrqy0Hlj7RTAobT0JatYu624kWDhm8eh1bM5a04jJyAowMCFgjfWOhDrIYi3l+2v0Xc7CmDFg4XY80r0ETHQKW3U+pDLhpI6bazIZei5nOWfCO7azjSMtiLKEnNtweBu/Lhob1zGo2bf/c6rZpzAjxnKbKK7McKMKl8rUAEeCDyKaEaSC9Ly8tIzdeMFehvBaHuCFKaKU6eLyhgaxNVMTtQmlfK9YmGpK5xGMDja8QuAis+2zZ4lG7fXPz+PD673fwuv72h8vn+qe3756vL28f6VE0A9YLbpxSRrvD3hjQ52xyz6f+vrXGoNRYdfR+Z2zTa7cYRJBvQ+CPxXpCrcfDkwxYk2GnPx+MwFzPU7bvdj3uNmfsd5vBcrrjDSufzppdsGwAABRbSURBVNf0Fp5BK1S1cSKARS+nYyBUy3UGQ7bvBf1Vp3PKlroCmt9gmS4GfTWcJ/Qo4oFwhtNlmhVmoWI0W6FxjHRX7SidbubdcHE6X9HUf86o1mp3x/uwPE1WAclHSTpI7jaBV5/hQBO5QP3QgINALKjx4ZPjL9CQ+2IFHCBnQkqS4qy5URTYRgoL5bpEOwedLh/mn1/BFWP/m1t4un5+U//uNZzVX/29/unu7eu/3jw+vXl3+8iB9fKwAnfC2jCyZWHNEzv0DRwaE2PKCaudPrObahaxpc/18somE3pvUJvkeYyJmJ25EyPrjUktul6mCXodOK9QY3kN/jgCRFE3EwGn4VkFLpVh8uSrG6xiWdAwsciRjk6yDRuauMtFUshGU87kX9WeBV7yNCXmFXyikgsfdVGdRHsBaMr6pKYp9WiCEgtJpcKl0yOX2sFdSWGiS6JboP3yFf2iDJ49Pj0/3H74+MPfNXhT//vjq4+f7urPj/Wb5yfCXOYKLyTrS3sD0XmN24ZqRiAcQj4GBY1JY5RWws1JeBClIWl/3Gy4s+HV8aKcaZRmi1FAXiEvoYquDL/Qv+iR9B4AIq8cwdLIFAAgQHQ4qgoOCz71yPDCkfRytsNiX8bJPz8OHP2X24f//hXoPwlA8GAw9e6HD08YbNVfffdX/fIJMNJ6/fbu7gyuMQPOCr+9P+hO2Uy+dB8M78v5D258oSvHb4nqS8oXNqvkKQ/f4XW5bplKS02SpoQv465H40jkGARVIMUuBPBktMRPFWbSFKeq2GHZdD/nn5QyijlJAii4wZIf1hR3qxppsVSps+z4GoFFp9eXH+6eHzCa0t7VX7169frnD89w+er17cPd4wNhC+4RWBEX5bOH2sEyPSyyn8EoJ6uqOaKSsuiF3miH5ST7aVKDvDateL/YsKYIp8l/ktXEoGOolq5chUD/iYH9s4MTmBv+W+X+w+MYff4bjXPbza3nx1/pJ5Lh7PH6+ubx7acPP9fxeFX/ABSxX35X//mH5zt4vgUI3Bff8vfwRF3q0KhWqgymOCaNhbRLmUX6uy8hTDu4I8odyXn8WhP4KJzwunjiF2SSKTgnsAoWlCtGGSSlugJ21SaLRKPV1qawBAHxXFDBiQUZOb1pqhuXd3IxRDsis5KV3z1SodS7JnId6l2TjUmUwfsMWOgHn5+f6r+/e8Kvd7/XP2E0/wlubv6qf7y+e7q8o1WOF796xQrAsPBINPpNiiVb7gln25kfLHGGmCwDsJYRbUqiTEt/ZCXJkqZfPiXQEmNisWJBbztjVGjG2y09CqJKvGhpmQHmXAYe236eUF2TZNuLWTnMx9rC+lyqLwmsrBmMvVmD1sij7wUrtMVCtHAbL20Uip7pLmMYLek3MONtz6blx6XLEmKqZMLqpkUYk9qi5YhMaEphtaMMSWIZYKPs4jfwRbiVKdtFb2lOXPqic3dCkwjUmeEahmHSB+WPIheTTIPSJomRPXExAk/TDFejRJqtMHJkFbH5jhuEkzzZyKokNNJkxTXoChMnrCTJlNXBEnnmbOwMqtMwWClWLeXRWF1Zg6xg3gsQNZGo7LFEnp2KRoGhxBoZeb3IgPV0e/Pp9g0S09nZGfb38gMS1pvXr/+C57+e0RM+4vj4L/40FP9L+vP0SmecahB0W/QbEtDr9Kvni7g7BXPaTaBPv9axHHTale4gbPSbJ7QUDFfdSrfTd3zYt/ong0nSbbXO2ZLTqt9sDTzYdfrdc9vu9t0Ycw6S6LS/xpunCwirzc7JHqYt/fTETLpNKof9P0EhNsmgU6lUBwSSQbfS1ue16LRSne9o6btzkkKK8sC6O4Nhq+vDxXgNu2oDvGG/o3e2EJzODWhUd5BJGZNMFsEobendfmdGPzjRpV9zAHNc6ZyOYd/sn54aFskw4u6wZMPJIITFIB6d702IB4t4EE/nLkSDhnV6OrCt0/FJzXXX44ED65PRoKMP4k1lPCDKCpvzQeKd7/xxdZ4uwB5kv5A2WILfdQxYDMfjTgLhwAJXX6EvGdMvZISDFZib88A8r56nRrU6H7KH8F4H6/Ch05nrbnuMsranGWpa9NuYte4ca1qOT7s1Dy/GA78x9sAf0EKwOaVfydgOIhSAdBFl0izm3QGttvjYzio67w4asD0dnBgK07PPl9+y/x0Aaenp8d3dp7ff1d/ePTzBh++fcUpYr18jvu6ebt7RU+gXv7kFzeEYtitJgEwwa63bDYBRp70NkyBuptjFZgLtJu2ADJNKyw6NRqURsfXlq2Y7tJx2DVbtXRS6+3bNYL+eGHUrsTEyYr3dw0rspuOOmtMw8CJ9inWtddsdOpuRbWlpexYE5qbdyMoZfRQi8sK44izIkt0wxBxhFOnOIvBdhwottQ09Wam1ZpAOnRUs9BpsWztYt1N71u7YkV41YNfaQiblimSiJXpzU5nZK+fED/tDO2Dr5jq2FqLsPcyXtrdGGIBiqMocITkJwT6JFy2sdnRi49+4G0OvGySdxJ5YnbjXHdknMz9EsfxFmsb+ZmovqGSjaduG3996zdoo7QbhCXvbueYMYVmpeH6nlcRpdRScJDj4tPGm0loiG1d0P+i3FmZnbYduezXad2ldz3PWI8SOs1nYWjrUfUj37JnjqNlGTO5a9mYPlm4t9Q3snNg2dy0EVrfH4E3vm/eqPoQnZMBRJo3dmdlE5n6nZodRdYdqOa354nVt0f2rb036AXfa3n77UK///lh/hof6pw/1+s3t4+t6/d3Z06WmPRD/vviloDlirHZr5Huo/vaiPTRwmNi2RAmsFnveG/TpsUqtXbtiagubLRNm7Yq5ajeuFlhomrlR/3S4WtCmRrbUzoDVmi4WEwRWux8hsOx+hW19S9u9KxuHdmplttdvW/S8MtLbfF/3psV2yTjJwrebbAevizi0rE2bAau1vMqAZbQp46bSi/qdHFgkpZTJ3LQS8PqVOGgO4wXxLQIr9j0NjeLqCjbONHF5hMEncjyk58BqbrrxggHLcFYTRLXV71lIdvbydBGeTNF713QXNqlpbqYJ46advo5NApbew/FrMGABCt4cpU4/mlWJlqvrQK9ZS6cGRrO2H5qwbVdm23Z7qel7KzYrDTAIFwisfa8fgJNaCaTpMJ1s2M8gw3q6RZ7btZfDHlgnASy74c7B8GNXyYCFUrS33QB6rZ617ROwfJKm2gg7OytgwFpZYdSpWaF/ipYOCrLYKNx/S5sb4O7sgTaMXj+iUzyr19+8qdc/oje8/Vj/+HD7dEbAun/xR2n+g8Ca6ufoSDob2Os2pNnPHL5sbbIRYYyFjpJGDRpO+2RAvvqq2XRh0eq76yGmQDRtVjps/dpqVvobAzmCLhYMWMPuANlkajXTVd9OWmw93kyHrXEbgiFmzxhrqtNifJADC6VLmwxY084gSVpTttd0M6xUqw4Bq2JVKogfBNbWb1EN6/Yu6DPGQlfoOKdz15/2K52MsbAb4FQsBFaVeSRTn/axtdWwMm5rgdNqZfs4eXDAAaYAqzuq9bc6AQu5ZdeJwaoMO35S6bdmJiQbveo3EFhp6pobp81+3sbrOZ2aR8DagqGvCVi066WxSiuzzmiGww1udRX2080GgRV3R9TUer8btrfTndkfVmpmpYZs5jBgTZFdYThs7yFd2SeNzZ4Gwa9uA/Twu/ZquvESBFbcXewcp2VkwJrRo7eaj+332psNUwLQldFZhc1hP2Y4G/atSB82LVisOydhYcJB2b+d3BOwLq+fzp5efX92dvf88Onu418f3tbf4O3H+uvbp5vLB/oprRd/U/0o/fHazg6j6Vk73aFXgJWzZ4zVcnD0sXWnyZ745sBq12z2g1ZX/ZaG9jVFzqnZMf1MZeqs2HB4M6dlrdvsoZ3dJ1eYjkbIWC1YO8OmPWpWgpyxFguKu6fsB9yQsZaLMAdWNkPZZMAaJiN/1GoFGWNtR/EeQZvqQdx3nIyxKpWEubtI1zHGaPVQyrU9wnAVuWHDGcvXmwt0hfEoc4VOo5eQG1/QVvF46IitSFC0uhijOqs7WpzaRuq0EFgLtPI2covVDfCjue1jjOQDElCDMRYCC5meSvqukaZRkwFr1k0yxgq6cdJc+SdLu7s23FlnGWD97rQGm3al3a6Z01rUrHiblaE3TNNFbCXVLRuiGtROjOHeNWGKXq/j7CmMm2GZdqrtmhP7NEm6obfXvV3bM2FX8TUGrKSFORxsKMIAM2OsTJpurFENjNYCzGlqESTV4s++kwP61SNiu719uNGuf6//9Xz9eAmX9Q83T/U6Utbb+oenu3eX11js6sU/QCsUR6nZNob2MEWWbZuJ7qzj2SKotme9difSnHbvIjYUYLH/aRp9d7xtN5cMWBf+dhGtHNrG5jcCu9VMkj5W0gvzGGu0CCK9j3aHwJq0nKmV7FCTvcWFsbP9DQI5c4WLhZsDS2UsdIVXXssZJlSoxWMsPURZMmBBreIkO6cSmH2nkTh6zIB14W0X/spJGWO1t4h73Q3JFV4xV0i/04VufGdfTBq2nzprKGMqV05FTzttYzQYQdTp2jFthF6f0H8T0GmNQ+s8qM0xot9X9Ent1IXp0HXTVr9Ls+NNf1Pdeqdbv9rqjmuaPSBgxYNwch7DeQ0aOPfpbgwWvFfWwbh2Za869Bu3mwZOgLxuRd8b/VZ1vCJ+x/6n6FBarf7QHaboMTu0f9A8Se2r7dze6ZtWN0CBTqsx1PqtE2+nN09GnUqnlrYX9mwez+YYvLOJTJRLg9OYJQELXRVOeiqdbTjYON0oXxPJF/6w4T8jCh0u7y7/erq9rv8dZ4Tw9PpVvf5zvX4Hl5++u7t983h5g1nuX7wH4UOz5RavQw/3w/ncA28+tmlCV8XObzu6TvEfzcdwIhiO6YnxWtdPaNIG9rjV7XS2JmxYynp82u/QRN4fnHb7U8NsUCW2faq78UmrO99F8zF6xlOcFS70Zud0o+FM7mQQrcanTbYPyBi3OqfdCQTzah5jadNTAha2M07Rp/bZrPCUZoUnPXDmNhjTDs4KTxow2etVBDLtx9A7+sqFWgdnqnZtjjItmNvt691OGmAfmt05/RqtSf0Ec99H2YMNypDttJbBlcZxBv6sgQFUROsk9tJn3xGtnISWZfnh0pssLS9pzHyIl+gTE1OjtQ2qI5g1EtNYLmg1J6T1GTJ9e+lBYtALKNqotsbQzl+GYFpxmK3pjDATBtWL5YQWSExaHGFP76kONG5akTGxDXAt+sF8f8nWWOwFJkckUEK/cIiZDPqIKLdF/xPqckTNUkv0vwkwaegmu1wuqArLWrjxrheoi8jsn/HbPdvU8wjXD9rD6xt4+kj+77H+/V912uB3c/f47uzuEs/uX/wEmixIn+4opu0oI4oB4hjJK0iSmLbhJfQmjDaiwwAvjml1Cs8pN16ORvRzMGCzFB+LZK+ZYim2iR2/Rwbm0nzMOQqNmKq3KZMXJ0kACypnULls0xDlQvc1iUfifxugzBNKt0WhmMY3phOPXpizIaT/A8K0E6tV7dHPxycLIaWPRTKZqC3aZuPllYEWU3mNyT6JMhm044cINwrrrIcLwPnSZnlVFgqFcrWLfGrFsqlS0dKKr2yjIEcpT7FlfqO0On2kEwJVWX/MX67Ys3rCztnlwzv4ro509QluL2/rf2H0juB6RtThcf/+gsemqkTl5ZuDQ/viZUGuoyJ/LrFUH19c5oNwWJ+So5AUxElwtFFlMbp4ctAldZ4tUKVOFHmK+BJrE2rcn9+Qzcs1w3z9FcRJsSJZWPFGagWFJy7A6+b3QdxVihbyS3WIKy4sJ2pV8/jvjwu2p+3s8fb54fL57nX91fffPTw83Tw/0HZ3DNwRWeQJ4f7HK8FXvFL+cI1PMgXwNHkvHw1VAUIvvBgc6afoikws1FsYHjEKoqJ8cECeC6JVUCYho/RG6IrfKN8XIoLULEjpD2hFDB3PVIAD77zElzqYBcxKFWug9E2xBSikiuE6IoxqIp/jthIZyuqUVooalIr720Ve9vFOe7p9Qr76+fJSu7x+d/bm0+3T09Obdw8PLEPwj/uCuFpBCA0OuyRb1A6TCkWlZorsVNZbKS+URVDUJDovgCasTlUsN1JBMMAtDwSLyKIqxmXNkga0IiKKBxw9VZKO2MrxSkC9UcAir0jiF4pFpZgcYQXIHmE2Be8it7ByUb+iu7z9r1/yEbi8vny+vf397e3d49PTs/b4dPf4+Px8C4+3rO7o6wgUrUGpf1wKkSjNTvArlxgOeUqcF9NBrYpnKChB2JDk8xwXqhhcuAIEhIZAU9Gp6BpkpkJdMoH3RnwoHQWp99IBUvwykESiojTJMoe9l/hQTUPRsCZ4QGpWUBCvWBkQWVyiCdTioFhekQM01bh/fCETnq9vb57g+vbpEh6u4fbx8pm9Yp8d/h+TMiFphxey/hKpKrcEH4AqoHqqlas+wnaSpMscJ1EhrU0dJa00ZNJ81WRlLLSD5JINKHlUyyliSAG0EFNTZQQx4qUifIQVeEk0KraiVlMAXgHSUoiSTBqA0hd+WeYBbjOq3hUbF59RoI7a3dPlw7VG/+HJD89IYe8UdLAV+iKYJPTVQ+ZQYCKxwgEvMFaqQliNvC61oCklpBolrArKFhorAEsBF++FMEyZV6GD4sDzD6ll0WOFAxWQSMgXeiEzqjoVlKDkO0gQqi1IzaEkBrqoYE2KL5FU6r0EqayLtyCNtTjqCky0w1R2nD3T216f3j28u/1MjuIof+HW5xrRFEYrEFMZQWWdf/a0YEHKgMmTokLFnQIODuRXq1e1rNwvAE89FFbTjmQokc4hnxy5LPMOfCEZDrIdb6FgaeVrOCyrtCAHTUWpULSwLpn18uHpgetNJQKRWeEUTR0kKAyTLM6zFyqTwJIt895wM1IHUOBRk7KoTfNxl8OvFbqpSR8CXDWlNsUthQDkiQIGyYX05/8A8xGqf+yr/a0AAAAASUVORK5CYII=', ''),
(4, 'Ecole Supérieure de Technologie', 'Meknes', 'ESTM', 'data:image/jpeg;base64,/9j/4AAQSkZJRgABAQAAAQABAAD/2wCEAAoHCBUVFBgVFRUZGRgYGx0dGxsbGiIiHRwfIhsaGx0hGhsdIy0kHCEqIRsaJjcmKi4xNDQ1GiM6PzozPi0zNDEBCwsLEA8QHxISHzMqIyszMzMzMzMzMzMzMzMzMzMzMTMzMzMzMzMzMzMzMzMzMzMzMzMzMzMzMzMzMzMzMzMzM//AABEIAM4A9QMBIgACEQEDEQH/xAAbAAACAgMBAAAAAAAAAAAAAAAFBgMEAAIHAf/EAEkQAAIBAgQDBQQFCQYFAwUAAAECEQADBBIhMQVBUQYiYXGBEzKRoUKCscHwFCNSYnKSstHhFSQzNEPxB2ODorNTwtIWF3OT4v/EABoBAAIDAQEAAAAAAAAAAAAAAAECAAMEBQb/xAApEQACAgICAgICAQQDAAAAAAAAAQIRAyESMQRBE1EiYTIUQpGhBRWB/9oADAMBAAIRAxEAPwCELXTOBYYFEunf2Sr6e995rmwWuq8FH5pP2F/hFdHzv4ow+J2yXEWoysNCs+RkRr1rzIKkxl1VXvECepj7a1JrlnQFrjMozoCSbiyNPdUFZXxnT50scSxEqltfdSSY5uZ38QIHxpt44R7VT/yz/EK0s8GS5hig0Z2L5v1tQJ8I09aswTjDImxMsHKDSOZY97jMba9xAAXuHYA8h1J1EDpRLAYMEL3SEmVTncPV4oliey99riqbZ0bQ7prpmPLSuh4Dhlu1bCKJy/SbViepPWk8uLnltu16LPFnGGOkqfsBYfsmYBiykiYFrNH7zVJhODguyC4VyzqttFmDBggTR6/ccsLaQO6CW5gTGg616+CGVQhKsuzfbPWaoa3pddjcn7KQ4Cv0r14/Xj5AVSxfCrSvAVnCwWLOxiT59KJnEOVjMA2fLIHLyNXMPhVVSN594nc+dD+Wo6JdbZUtcFww1W0h8Tr9s0Mudn8M7MApBETlO0iRvRRLAS6oUtBDHLOnoKqY7hPtHNxbt22xAB9mwAMbEqQdasi7W0K7XsG3OyNv6Nxx56/yoFxHgYt3MntSTEmLTMRtBIQMYOonqppgtcLxa31c4lntqRoY7ykEtmAAEyFHXWZ0gzWxjlk/mHEmAxYMBmJAzAQdPCjxX0HkxEfAgswBRgsZmYFAs6am4FjWB9YVn9lNBKqCBubdwHbf3Cab8TdxdtctvDy7Z3dlIIzEsFBJ98AZOh7o5UJ/LbiAe04eyuAB7VVJJOxLBUEg81nWkcV7GUpLoDXMHdTQ+1XzE/xVWuA/SKmZ95Ou+0U32cUt1L9xnuIEAU6kKouELcYK4OUxJjYVbs4XC3DP5X7RQD3XuIw89Rm5UvwwfodZ5r2c9fBW23tI22zEHTlzjpUb8Ls/+ncQ9VYEA8jqRtT1c4YjHLbbDn2kuge2wZcxEaowG7CJXWKrPwMZM9u2LkjvG3dyhWDEMArKTtHPeh8K9N/5G+dvun/4JP8AZVsCFvOmkQynbeJG2tbXMNcJBS9aOnunTXwHQHWujv2Qt/RuOPMA0Ox/ZFlRnFxGCgmCsEwJ5VFjmtpsDnjl/KKEfDYhhca3cgGFywZB01g+O/yohFA+KYKDmXTWRHI9KaOzvDruKVYWDHeJ90f77xXZ8Hybi4zfXs5fl+NUlKK0/RUisK06YnsVCjJc73PMO6fKNR86VMVhmtuyOIZdCK3488J/xZjnilHbRVy15lqSKzLVxUR5ayt4rKhCfLTHwJblxmuB2U6KQrECAoC6eQFT/wBjYY7XHH4/ZotwLh1u2WyXM4aJB5RNcbyPKw5o1F7OnhwZMcrktET4L2g705lMGTPzNQ43AsF7rMPJj91MxQDlvUGIQdKwOKNdnO7TFWZmJnY67inPA4pbeGS5cMAKCfXYAczrS/xPh73LgW0BmIJgmBpv9te4jCY1ra23tjIsRlidBAmDrvRww5SpuiZJcY2kXE7Z2s8G24Wd9J8yv9aard1WQOpBUgEEcxXMcZwe5kYtbZcqs2YjQQC2p8YozwDtNbRbOGCmWIGYkASdWgdBrT5YfHKrtCY5OauqY4I3576g+01auXAoliABzNQX8IriSO9GhG46VUw6tcYBxommuzNMT46Cs/JxdV30PSeyJX7ivBI9qW0HLXlRRMQrLmBEdenn0qWKG38GxeFEIxBYeRocZQ2thtM2tOXuBwpChSATz8hU1TuQBqQKR+1PGPZtnQuchCEK7KJ1J20blrTt8I292yRXJ0F27S2wDmtuIHVI+OfT1pf4h241IQhR+qMx/eYZR6A+dJPEMV7S4zxAMaT0AFVDVPObW2aOEE9DLiO09x/pMfO40fuqQvyqk3GW6J+4D86Cmo2qtr7G66D6doGTkuu+WV/hqc8XtXFKsqgkRmKK0eMkZvnSsg1qwBQ66Bd9nROBYjCKwcWgGgd62zEaQZKEyNRymjS8IV8z4fE3EDsWIRgy5juYbY1yVHZTKkg+FGuD9q7lu5DkiPpD/wBw2P42qyGVrvYksafWjo7WMUECpcTMhUBnk+0AUgl41BJI67VHYs4kq5u5JIfRGOUjKAu+2x+NRYPtRbcCVLE80KkfAsCPn50cu+6fI/ZWmE1LplMouPaOS/k/e9myzBhgD0aNDy866ZwGyluwi2wQAp33n9bxpQwyWxjczlQjay0RGQkanxp44Zdtus2yCsxp/WmWgSdm2DVlBBJOsgn50udosJcuvKgBRA5DT9Jz0HyFN7oIoTxhfzFyP0G+Ea1ZibUk0JNJppnPMQqZjkJKjYnc+Mcp6VDFTMta5a9BFUjiydsiy17UmWspgFs4XiS/RJ9AfuNF+z3FLlkucYrIDlCQjEs2sgBV1MCjf9pwmq98GNtJ8pmh3F1e5Yu2rgIZ1LIZIIb6OoO08vjXioygmnHs9NK2nYVu9pbYj83c12nIs+jODVS92mtHdLg8cqt/AxNLvELY/JgrDZBz8OXTcfOlLsxwY3muPcdsqXGRYMEkabkGNSvx8K11O+1/goUo10xuxvHrYYXEYsACIWQwk8xEivbfbBP0rg/Hial7OYAG24RM7M577wQFBMDUePnR6zgMO/deyiuNIiCdJkRWaSuVMvWoi1xHtOt2y9tbjS6xBA1kiflNI2NfKwaPdYGD4Ga6xjuDYNIm0JJ5FhA66HlQni3YK1dGazdKE6gN3lPruPnTx1au2Bv3QO/+42Jb3bdtfQn76pXO3mNZSQ6g+CD76Vb6vauPbOU5GKyJgwSND6Ve7MW1v3FSNBLEN9ILy9af8rVlf40X17VcQuOqe1eW2CQOv6PkfhWvE8XjUuFXvuSFBI9oxAkTE0ex/AEuXrS2otlidQIEZCZgbaBP3z0gErHDTYR7bsHadTG85QJ+sU9AfI2cfy/QnJcbF3hjs1tWc5mM6kz9Ijn5Vaisw9tVWF2BaB4ZmI+Vb5a73jxj8a0cfNJ83sr3MOrbqDQ/E8JG6GPA/caMxXmWjk8bHkVNAx+ROD0xRuWyphhBqFxTZjMGtxYOh5Gl3F4VrZho12g1wvK8OWJ2tr7Oz4/lRyr9/RRIra+5yaEg1jCsxI7lY6NR5hWJBkzrUSjvHzqbCDQ1qg7x86jQAp2f4iLDuxTMWXKNYy94Enbwiuo8GxbMpW65LugZVaJAK5jqAOREzXHUYrJAnlV3BcVvLcBDtmIgd46iJgmdBoPhTwi00yuclVMaeNWymQ7iIGm0Zjr8abexr/mM3Vzp6AUopiva2yjgho7rcuWnwqbs/wAXxCsMPaVD3iO8DvJkkgjT7hWqmly9FVp6XY+3+IaHKhJHU0F4pxpBbZHRwzqVGxWSI3nb0pgXD6S0Fo1gQJ8BypZ7V4cQjdD91WYYuU0kV5JKMWxWIrzLUpWvMtegOIRxWVJlrKYJW4hjMRawOHue1f2zXCS5OZoh4Gs8svwphwHC8d7MXMVig4Kk+zyLKkxBLjmBOg0nnS72qMYLCj9cH/t/rRPB8Yv3mKMVCKskycx1A2iOYryONRp39npcifok4p/gnT/f8H51Q7HuTh3YnVrtxjG2pM/afgKvcV/wvTf8fW/dHrR7JD+6k9blyf3j/U1pMfoisduLuFzWhaR1VmMliDqST1q1b7eG+6W/yaHdlVWV9ixA/R21pcxNgFmOUGWI28aIdnMOoxNruj3hy/HSqckU00zZCOkw5xHtZZsYi5bu2Xcrl1UiNUVpgmZ13o3Z4kowL4gB1TL7QA++F7pGx3joaReNIjY3EZlmPZx4fm16U5cWULwq6AIAsqAPqJVCgkkxpXVnLse6vcd1mGdiJEEgkkSPxsav9hHRbpDvlLWyqeLZkMfuhj9Wr3FeDKMOly2O8EGfxGWZPiD8c46CRfY+0DeQn6OoHpH2E/GtbiqoyqW3R0rD/wCas8tW06dx9PjI/wCn8LHFo9o89BOnLJr/ANhf1A6wa2G/zVkbwWk/9N/vk/XqzxU/nLmknTnv3VIHqQF/6ho+yv8AtAWG4Ol1M5V80sCVcj6TbCY/nFbvwi5bElmZANc6rm5R3lMH1FVsPiAoKC/DOBlVVLupW4WzsAphCN9Z1kU2I4te0uXHD2XZGXQHKGgHbdZIIPSkw55wlaer6LMmKE4U1v7FbJXvsj0PwroSWVGwHwrfIK6X/Y/r/Zi/oP3/AKOcFKq47Bi4p0GaO6Tyo92sxPs76qFDAoCRs27ajrttQtcRbY5Q0H9E7z0nY/Kro+VjyrjLRTLx54pco7Fo8Eu7d3zmhMs7i2FElsu/T/an8prSRgk/vaf/AJD94/HlWXN4mOLXH2zTh8qck3L0V8Qr2mykAHxmrWDwbXNtyuaAPlrVrtYn5xNN0P20Z4NYX2Vt+eQa/Gkj4kXkcfSGl5UlBP7A97hx0W2c+gbbXWSBFQvgXS8LZGV/5rPrvTHw5FF1yObTvy70x6faK17Rwl+05gEEyfTfymfjVcoqHQ6m5dmnDn7gXWQSB000ox2cx+GsNcd2Y3CTKhCcq5tNYgTpz6Ur4e97LPJLZmbJGoAMkR514OEm9bNwsQ6kEgkkECD6HSPrCjLK5YlF9iwiozcvR0u72qsqBKOA205BPlL0F4rxu1iAFt5pUyQw5GRuCR86D9psJ7SyiDc3E11/Sg/eKmXAW7UJbWBlEnWT4mabxov5FbB5E4/G6RHFZFS5azLXcs5BFFZUmWsqWEq9rcGxs4W2gZ8r6lVJ+iokj6PrW3B7ZW44jKRb56f6ia60U4xx8gJctIjJ3g6lZ74B0nmCoJBA5CYFVeHX/a3bjtayMLSjKQJB9ogOkCOdeRg23R6acvxPOLg+y0Hp10/l/wCXx71XsmIwev6Vz+Nj9gI+uKvcR9xd9So9JX/5Wx9Q+tbs7IwoiPeuEdZ9p9mY2/gfXXZjXQNtYa4VdxbdlUkkhZBliO7+lr02q9wGy/5Qko4ymSWSB038yKaezr2xh0zIBoxDETIzvuev8qvFS5/NoEEnvldduS6dd6zzmrr2bIN0c04qP77iv2k/8a069oRHDL4/5aj/ALEFEcR2dsMWcoC7btAknbmKlv4W21g23YlHCztMaAAQB0Apd9BlNNJCdjhGDA/5Y/h+/X/9fwVexy/nU8vx86cONgDDuANApAnkI+4R++3jSx2TQBrRjVy6k+AUN9gIrV6MadNj3hf81a8M3/jf7o+FS4+6ru7KwIMQR+yuvocp+p4VDh4/KbU884jzR/61GuFFpHtySFLgEkyRLHWdzBND+4noXsDiltXnJUH2lvJPNTOYR4HQHyFMmCtluHouvfNuJ/WuLPpMn1rn2OxL+0YCIEyfvjf18DRPgvaRktCznjLkySoOUoQVjWTMDlzrNy2y5SR2GvQa5V2e7YXbdxzeLOtxhKk+4ZM5Z5Ry2rqFl1YBlIIOoI2NWRlZLOGcZe4Lrv7RyS5945pgmJzTMAQOlR2ONMNLizpoV3A5xzH40q9xDD3CHuFZQXiubYSc0DxMa0HKKYHMb+onejv0Foa8BxhWAysHUDUMe8PLp0jTrS9gz/e1O03Tv+1z+PzNUWtZQGkg5ssj4Ca3V8rBiJhpI6/j76uhllq/RTPHHdew72uT84n7B+2iGEwRu4W2maAV1jzO1L3EcWLuQgtlCkAHlqB3Sd4+2m/gI/u9v9n7zW7DPnNt+0ZM0eEYpegbwexkuWwpELmTxDDYk8hoDvrvVntVYzgQD3VJA5n3QF+B18jXmDsReViDqzAgnUmGmB46jQ/Cpe1DEW3IMn2bQRzOZCTp1Ovk1Y62zV3Qrpi7fdtmRdTYH6RgQR4QB8aP9mrjPZuZwQ0nz0Wfsk+YWlazhGCi/l97RJ311Eesim3gaMtt1Ohg76xtv1iM31YqpJqQH0EceJt2/B128wNPTTzU1YxCyw8v5THh0qvjv8ND0ZfTUT8ND9aq3HcY1rKwUnQgxuNOXWIj6s1qxy4yTZTkjyjSLjJWhWlPAcauveKKTL6a7T4TTmBpW/F5CmnSMOTE4vZDlryp4rKu5FfEpcF4vbS13vZISztkyiEDMYUZtdoFSW8SHxDuMuVraaqAARmXUR5cqUMVhEtrbYXEfONlJle6ra66+9HgRRHCcTZbil+8WQJvGiwFHlAArysMclO2z0UpxcaSGDiY7q/tCfPMZ18/a/KqnZ2PyJd9c/8AFc+43D6L1hpePtFk+XWOn8lP1zVfsx/kbem6t694mPkB/wBQ+u32ZfQc7I3rT2mS576sZk6QWbKAefP40ym8gjvnXT3q5dw3jYtFlIJ9R+kx5+dXB2hT2gfK8QRGYeGsddxNY5ykpPVmuKXFbHbi+LCW2YXlXT6TAfA8j/Sk/s7x/LmW87E5SFAC6EMpHeOh98nwAFCeNcWS6kEONJ5bz4cqpX7+rsTopIUbRqxkR01pI8pLaoWbSehr42f7sxj6M/L/AHH1F8KXuyh1s6T3n16aAz8v+6i/FbxOGOpj2anlpm+0aA/XbxoR2WQ5rHMAuSOgygeupA9K31+Jm9ji2I9nfRpiM0mJ+i3iPjUtzErcDXEYMG1DDY8pHhpSt2+P5temYDTmPx9tF+BJGEQRsnpvp9w+tQ4vlYbVUJPFAS7aLAnb3iekjWq6oYLQwZdRrsJA0gGJJHrW2PuAXH3BBOunj1qvhs7FhnglQSI16jTxIHlWaUdj3ousXdyFtu7sXcBQzMdgZGrAa+PLpTL2T7XtZD4e5LhJhuYIkkeXmZpb4Jx27h3Z7TpmYFXzKxjWZHnB2P2VWbEu7tcOXM2Zj3TqSZ66TTxjVP2RsYOJ8dtvbeyiZVe6Lnl3cpEec/GgWKUqSApB0BDCIOXnp+JqF8a9q4t3R1RkYAjSQR72v46c6u8X49cxlx2dIZbeUZdQB7wJJ6TRp7dk5NlDFLmWBvIPzNZiTuRvP4/HgKoohDEhnY6bxHIdT1FX0aY05jQn4/jwqyCYHL7L+OwjJbsuSMri5kHTK8NI5a9KPcB4qq2kR1IAEBhrIk7gbUs4jGSi93MRpl1hZeO6ZP7W1dP7DYq1+SJbEkjNmkfSLbDroR8atjOUNorlCOTTAOGzF0aVAJY7+7I0MHfUHX9Wp+0FvMCuwKMI6arp6e79Wq+CU9wQphjGhmO8N401UiPDxq3xgCVB1BB8jqPt9761C72M9NIEYtfZ4K0F+iUI13AJb5xtRvL3nAA9weXOJ8DsfCaFYkWzYth9IJMCQdn2Hofganw2OtwzBxBQc9SQCCNdZMR61fOX41+kUxhtNfbLmM/wU80/iEffPmKpdp8b7O2CFZi4yiOWgIn0AnxmtMZxe1+TI0nvHQc5UjMD8qp8V4+r20uWxLBiusBlOUnMN4kidOpFZ/kUX2XfDNroG4HDG2+d4EnuprJOhBYchrPjRX+2HkiRpPL5fg0stxF5B0gTp1J5zvI+dXgMsH2gDkZssd0gicx5g+Hh46JDyVHSYs/DzSV0Gv7Yucwvhof51lBQ991GTIQJ/SMTHwrKs/q39lH9Hk+gJZVUCl4LA8vxtJimHhQz3LWoHTwOcR560uojPoUOYqDKgiNZ3I+U8jTDwZYuWw2wUzrylZ+VURWzVJjH2iP5lv2Tp93wgfU8NNOzQ/uFr9k/b/Vf3K27S/4LeR+Ov3z8a87P/wCQtbf4fy1n7Wq4T0c14q5GKMGJ38dOYqql8syk81X/AMoqfionEt6/wVWsp7sfop/5V+dRrQy7Gh9aHviSQ43lWaefh6amiBFU766FB+gfOqYxTux8kqaHTiP+WiB/hW9P3p0+P7g8KFdl1JfDxyNz+GNue+3jRHirqMPlzQTatwJ1+lrG50AJ8zQ7sr72H+vI6d2rvRT7L3btgbax+mvpsdusFfxuZ4L/AJVP2fvE6+ZX92gf/ERvzY/aE+cn78/yo1wK3GCtcx7MCfAA/wDtLn4eo9h9CNjMQFL5jzOUHXSeXwPwqBGeSvvK6wxUaQDPrt8qq8QctdcawrH3gCNZkCqvsLnvICQgloI0k5VJEdSo8yT5UuDuyxbCqYJEjNHdy6npBO45+W89RrA962NATJYCAsQZESRy0npUljFaQ+hQgGNdAY+VEktWrnezCFO+3lNZnn4v8kdGP/HOUbTV0CXcFIdVIDEgkbbCJ0PLbUa1C2MuB2OUd9ADl0BGUjy9OfrRLEcFkd1zrOYaCemWNiNqhxPD2twwHdyxMnQ676fOnj5EJOkyjJ4ebGra0V7DrkcFVzFVKPmPcIYSY2J5QdgKkQmPtqsW0OWIOh131g/7zVu3bJE9OfLcDf1HxrXAxSJUss/ugzAzbQJfKDJ81GvnT12Gsk25P0Xc6+ItgR8aTMJjBbDHQlipGogFXV9fDukR4+FFeFdoPYLlWGzZTGo72ZcwJHLKlR20SLpl/AJ+cQ7QZMAACWua+Wv2eFEuNjQbDQ6D05c42+p6UH4XfRriQRJI7vPe4fsI322otx9oWZ0ytr6TP3/W+LkfYOvRktwZ0bOZ21vAQBuSNdelLl3Du1tiF0TvE67EgCOu4NNvEb9v8jskZZW4VZo8cQd+fI71SwtoJvHeRGnkJe3O+n450J/kqZZGSi00JYxkqUnQMW8jEH4/dXlt9COR/H3mrfaXgLWgLyao+8fRJ6+BM/A0Aw2Iy6HasM8TR1MWSMloJzXheocTeyrPXaqZxxjxquONvZdKUUN3Ce1d7CW/Z2lQyxLZlJMwAOYjavaVbNwkSayjwaK+MRqfF6ab6x8IFWeES162QJOUz+8vyml5rhg67fdHyo/w1GDJ3ZYKZ8NZkiNa2R0zkSlfYwdp1PsG0I7p5eFe9n0P5Ba0P+H939BQviFy/cVrbWZXUSukjbmJ6cq2wl/EW7S2lsAIoiSTMePxqwq5CTxHCM2IZhEa8/1YqKzgXBGggKo3HK4CefQUe4hgXDgm0yMZ56Ebf0qrbbkfs9aVyfQ8dk1y6o3MVZXBXLiI1u2GVs0NtPuCNtunmaGY+27wEmRI2PMeA/E10bAolq2qyv5uBy5PB5/q/wDcOlRKiT20Kl7BYi4DCnvKsCd5DBJmSNFbTw2qxwrAYizkPsnJSeR5iORHj0502cLVXKkQQkRHUW1WYE7TI036TqXy67D+v7vUx5M1MJxf2IPHsLiMUoVrVxVn9Fp+Bbxq3w+9iLdlLItOQqhQYYEwMuwaPDSnMj4eP+3T+AV6B0/Gvl1IPm5qA4P7OQYzh1ws/dOYkkzHj0JqTh142RdzBSWVRDCV0cMwcdCoI06018UQe2caaN8NAYGnLalHi2FuG6wUTIJ1jWVI5jrQey2LdAa7oQQQQwnTbc1rnMRyogODYjKS1ruBNSFAgg+A2iaG1myY6ejqePmuNPssYjHOVVcx0EaH7a2biFzIVLE5gBvsBQ9Wk60Y4TwG/iJe3aZlHMDTynrSLGuqNEs1K5MscL4e2IkESO6sDkCQsiTqZPXnRLHYW4ltA9sqoJII5yE8YB1Xl09DPAOD37P+JZYgsuw1ABDHnvI2/wBjLxvh9xraRbeU3AUn6NobfVb4VrxxpUcbNJzlaQp3sE4GdbcKcsAkHUqh3EHd15fSr18I4y3GAA5a7z4eo3ovfwt02zFp9Asj2Z6WxyEn3T86trwx3soGRgfaAGVIhcrjUEbTl18utWWiimS8M4ZdQq4Q76DUkSeZ06xpV7iqPcQgqwGUgkrpBXxbkBO30fCmRHXbN4e8J6b5t+Xn5VrehkZRBzKRE76ctfXyBoDO27Yh8ax4GGs2AhGR2P6pANwiOf8AqDetOAYj2gJM6KqmTpIuINI20A9eY3qfG4FrqqFmQeQkjQg1mE4JfUEqVt7d3Ieik8vX41ESTDGMthsLlIkEAEfCfuPmTXMu0vCvya8UGqkBlPgeXoZFdEOAxJRUF1CI1BXxMDboAaR+36XUuW1usGIUwQDtPj6UJLkWYcjjL9AC9dlQOlVxrVf2popwbCm4SxGixy3NIoUjVPOqsauAdhcTibQuyttT7uaZYdYG1ZThwbtfatYe3aazdJRcsjLBjp3p+Ne1XxKv6mX2KfBMNbYFnUuQSADacj3Z3RxrsNetM3A1BuuwURAUCCN2MCGkicomSYopgMAtpEtqdubGNSS2unUmvMLw5bdxyLiEPlgZzMazOw571ZyVlLhIshemuvxnblpm5/sjSt8vTXb16fR57nxAqNrh5DNPTNrybXbbx5VguPH+GZ13YAGd+c6iOWkU3JA+Ng3HWvaYnJ/yWA+sGEnu6SDPLWl7gXZ5r9wFWCx39Rp3bhQiZ30HxpkfDP7VrrESyZSuvUE96QdY6CjPDr1q3JW3kJP0ZO5k7+6JjQafCg5DRgy7guHLbIJGyhY0O0Qdhrp86vCwnIDrtz/E/GoUxiH6Y8jpU6cQtge+um/eqWNRi4BDB0B8NPsrP7NSI5ftHpHXpUy4u2R7y/vCsOISY0k+I+yiDiR/2Wvj+83UH9LrXg4Wo2zfvN/8qsZ0/EVgdPxFSycQZiezdp2LspJj9JhMdYb8RW2G4UlsQiAD1P2zRFmWP6VVFwdajIkavggwKsJBEEeB0rhnbHgjYS89syVbVD1U7T48vSu6m/bic3423pDS5bxOOUtqtu5cfXaFVEQfFZpZBEjst2Ov4q4hNt0sgjO7aacwJ3J++u2YLhtu2i27YCoo0A/G9Zax1tvdaY0PnW/5WnWokFtvslFgdfnWeyXr86gXF2/x/tWxxaDr8D/KmATexXrWC0vWqpxqjkT5f1rV+IqPoN6R97ULJRaNpfCvPYJ0HwqsceQsi2T8B9hNaf2iT9D4mPuokourbQbfIV7lX8CqH5e8e6s/tf8A81p+W3YPueG+nmOfOoGgllXp8qSu1/ZEYmwSWPtEDMrHnzIJ3imU4t99Pif50J7R8Re3hrr5l9wgCDMnT9LxobJRxrg3ZHEYnvW1GQGMxPPwG5roXDuzAw9sWluOGmWIgSfCVJEjSmLs3YNrC2kAWQgJ05nUyfWt0wcMWkknc8z8Km2BRQEfhMxLufOD9q1lMGUePwrKlEpEwStco2AHwrZW86kmlHIlU1uB4V6AOlbEDnRoBoY6VhRTyr0IP962H41oENBZTofia2Fteh+JrwseQWvRcYc1o0Q3CL0rPZqdYE15nNeljUpEPDhV/RFaJaUg5YiTOnMGDPqKkD+NDb972VwMT3LhAPRX2B8A23mBRpELDuBlKkEFgpII5yB84pI7T8Tezj7be0YIAmYTpGaH022oj2l4MylsRYYg+86g8xrmWPiRSZj8Sbylbhlt1bx5z51TLJxdNFcpNHWndchYHTLI8dJrnXA+J+xt378rm1Cg7sxM6DoJBJ8Ks9luMtcsthGOVkVjnJ1yAaqviNvKhPC+HPiLptW4VYJZjOgkAgeOtPdtEcvocjxxMLaUXGZ3IVl6tmUMTPIZi1CMT2kvMxykLnGUAa5fLqfGg3bu9lxIUe6iIFHgBQ/hJuX7qLbRnggwOQnUk7Cg5O6I2+jq3DbQtWUVjrGvUsdT5mauDzPwqLDWm964QW5Ae6vgOp8ask1aOiJrgH0vtrwuP1j6GpvWtY86gTVG00n4Gvc3j8YrwivDUIbRWGOlaBPxpWEeNQgJ49x1MN7PNPfeDqdF5n00pP7Y9plug2LeqAjM07x0rf8A4lIfaWjyyt9opDZ4oct0JKXo6h2H7Qm6vsbmrIshuZXbXxFN+euV/wDD6w5xBuAHKikE+J5a10g4nwNEMdotFvH8fCsqicV4H1X+VZUGoqW+0Bcwli4SeogfGiWGvXG1dFTwzEn5CKQrnbDEHbKvpNQv2mxLR34joKPBi8kdMAFezXNV4zizBDXCfX5ACr2Cs467J74H67FR6Dc0OIbQ+K1e5qU/7Exe/tlnzermG4Fc/wBS8xP6sj7TQ0TsPTUgobZ4Yq75mPiashI20oWGiwB0rbP1FVwxrJn/AGqWSiznFRX7aupRgGVhBB6VEZrBNGyUBcT7XCAwfa2NirHvoOgb6Q86S+J8LUzcstmtk/Wtno4+/nXQ+KYlbVtrlzVQNR15RXJMTxW4txjbJRZPdG0TseoqnIrQk1RNhlZXNxdI7pjnIg/EV0rgOEXDWc7wC0MxPLTQfbXOsBiFaFHODESZHKPWmDGWMfiQoy5V6sQAPHLvSx0CJHxLh1zH3y6gqk5c5EDKOnU07cKwVnDW1t2wFA3JOrHqTS/w3smqD87ddz0ViqjyA3opb4Dhx/pBv2pP2mrEOo+w2mIU7EH4Vszz0ofYwdtJyW1Wemk1MqxtT2NROblaNc8K0Jr1bg6VLDRgvHp8prVcRJideh0+E71uYrXTrUslGPmqMs/SpRb6GvMjc6IBX7bYU3MPmjW2c3psa5biFJYKOe3rXdr+HzqVIBDCCPOuYcIwdpMc3tCMlrOZP6p0pX3Yk1uxitkYXDJZXR3gabyfePoKYLbkCJpe4FYbFX2xVzRF0tg/aKaHwx86g0SE3D/tWVhwtZRscUMNxOwnu4U+uv271aXtNbUDLhwI6D+lK/sBmym7BPWY+O1bPhgpEuQekGfMVbSKLY32e1iiJtsoq/b7VWTuYpCt28z5czT48/nUWRpjU0eKJyZ0pO0Ng7XBVyzxS02ziuWG2QJJ+Feo5HNqXghuZ1xLobY1tXLLGPZf9VxHIA/zogvHbgEe2YdZB/lQcAqSOgtPWvATzmkZO0F0f6it5n7oohheMX2g5Sw/VGnx50vBh5IaqwGqGFxjN76lSOoqz7bxoBAnbPDs1gldVXVh16H0pHt4C0cHcuMT7QXFVRO400jnz+FdKvYhdQWEEag8/SufWsIl7F+ytTkVpPQAdPXQUko2xJLYU7C8Aysb9wTH+H58zHhT2HFCb2Ot2QFJiBAUamB4ChmJ7UhTpbY+ZA/nRWgrjEaiw8K0mufY7tRefRIQeGp+JoeOOYj/ANV/jU5ojmjqExXobzpW7PY7FPBuIXQ/SMBvMdRTOBRGTs2LVhevAfCsgVBrM9pWyt0rUJXtSiWb5qzMeURzn7q13ofxviQw9p7hjQQo6sdqgraEj/6sa1xC4XYm0zFSOkaAgedUuC8PbF4ogGFJLO3gTMeZpTxl0u7Od2JJ8yZro/8AwwxKm3cQQHDAk9QRpTNWVXbHazhFRQiqAq7VGWXNlDQ0TAOseVDe0/HhhrU6F20Qff6Uv/8AD+8125euXCWYhdT4kmKnQ/KtDpHiaypfKsqUNYsWeziLsfQ6g/GvbnZu225McvDy8KKWrpiTUWK4nk+jNS2DiiFOAWRqwzHTXnp41KeE2A2bJB3/AKkUOv8AGJ5EUExXE7k6GKKsDpDi2DsgGVWN6qIMKBBUafjflSgeJ3ti1bYXGNMtrTUwWhutLhUkqiyee5+dD8dibUHLaQEgwcsmfvqPDcQTQZN+tbXrYbYAelCiMp8L4rZuDW0gYe8Mvzohf4yqrliFA0AGgpJA9lfJB91tfEUexNwMNjUg70KpG9zjB+jPqTVZ+I3DuxqA4fnNRneKekDkyyl9iCxJ6b/OqA4ibZY2SJPvEH7qu47uqoHSTQvwAA8qTi29EsJHEk94nU8v61UuXCTURuGt0J3pHhf2AsYTBNcMSFHU/wAqa+FcBspDE536tsPIfzpRN5hsa3PELm2Y+lFYkhlSOg3sUlvUkehqJOO2utIZvFtyx8zW4sTzpvjG5Do/H1G0fGq//wBTCYyj40ovbioRbk0VBE5s6DY4wHGi6+dbXOIEDkKRshQaMZqBsW3U/GpwDzOgf2r3dCC3LWB69KTe07YzFXFVbJCLsMwMk8yaGDGsOZ+NE+H8QM6z8aDhoDlegVx/s1+T4dLjMTcZoYfR1BOnwo/2T4PcwYfEXHUK1uYHx18aqdsb2e1bBn3/ALqq9p+MvcPsV7qIBp+lAG9L0DSBfGeJPiLrXGkDZF6CugdjOHG1hwxkM5zHy5Um9lOGrfvd73V1I611LbQf0qdkirdnot+f49KysDVlEbZ//9k=', ''),
(5, 'Ecole Supérieure de Technologie', 'Fes', 'ESTF', 'data:image/png;base64,iVBORw0KGgoAAAANSUhEUgAAAT8AAACeCAMAAABzT/1mAAAAk1BMVEX///8IPVgjnbgAl7Tz9fYAM1HE4urs9vgAN1QALU0AKUoAI0cAJ0nq7vApobxitMjO19yw1eDe5OdBqcCDv9Di7/Nyus3Gz9Sotr6VytjY6/G/ytBUrMK1wMe63OUEQVxIaHxTcIJ9kp+QoaxsgpEYR2GerLU7XXIyVmx2h5QkUGhgd4cAHUMAFT8ADTwAADdvnq4wjIdaAAAbS0lEQVR4nO1dZ2OjPJDGAUwxbriCe2/Zfe///7qbUUMSwoBNkt27nQ+JbVQfpmnULKuA0qIH/6gCOclPt+CvJm/60y34Btp/Wcne6MuK/nPo2LnGX1Oy1/PMD5wK1K2etWqRr9OTTp6jlu+u3kTKSN5HznY4i/Nxd9+4UaeM/jtrWSfrpL/sfRjIxrf0WVriG/SfxmBe1rFV1AKKvkCGPVuzHYP9tRMEvt+qQJH6RtfTD9u2TeBx/CqV+ipFGn59e8g+xQFNEVwyeXnGrdXJ6fWVr+dT5FbuZCRz32RaCN3P4JfYH/aUao0Nr9f/FABuP++38+BdFEc9+dshCmq0131kOb3+c/S+H78U22MTEb6KasMDf7wAiXbdsLM5ngcFSrwCLe1J9mXWqoMeUPbyhiXgfT9+HqmTCPDD5SnCTAGe+G9+EAabh67Hq9FYaAigfVSzuZnym5bD9934jbDKMX46hDxBkAnMWWWVzvwV+Ia2pPweNZnPv4is/QrwfTd+Y2jTEj8MfvPn7lY87aqd9eGJM6/rH4KGyCRwVxO+VjjjWatw3/frPzAf1K/dM/7zr1lvj66SM4Sc+0502h1m1Q2K92G3swLrwte686wVdN9P4GclqdI3X1LXA1VVuaAWY/zJd8PweqzIiEuqHgjNa+o+0CVc43rV4PsB/08QUU2hZGUvajtO8NNWuDh+ELm7/aygrOz12Jnr4nRqNzbgzakmvT+KHwLYkR5q3BItwJ1REfB/lRmU1Laz4c2jfr+4+E4qwvdd+KVjkwY7/lpI39RsPlrlk/bbtgQ+qydJb1yf/VzuSY3/LPxAqa+hnrNuB+SB5l41HihJmjvT6pS51GPZ9h7rdyvgDTLGCn4Ovz5hi8Vn6F/3K9FDJcAUh0ouVOSOimgrOFjPCaQ3Cxs4aoGVKIx5QX8Wfhbp1h3q8cMr72AiDxOs+SaUmuGjIrqp+Pl3q4TAO5cKLPBdXBjZFFAYsHebd17sIkL8OoUlauTmm+OX5fkdKx1yuQzCO7aX0jjVmh1bAsLOgPkuEoWDEviGMvtZOyNXBK3bfDErJJZ3qqPXS4Zp20ik5VVpnwPQ3w7KMnF53RBghMUgKkYN0zmrXRBgt92jJfkujG+OZewHxWXaTxd+2tpWtRHhUsNvXSlXOeVlwt9VzUuMQSBCBczC2SPKgvcD5cvu/BIFPsrR6rfGQGVjkMSWjK81M6g//15xHKOaD7uxadB38PsvkB2QTEMTFrwFbufI5LN73hAuGRw7QQZhWMY5MGKQw1a67SaNrQifo8I3Ls9Rkd7Br3sA9SY6IDfQoX6yH121qRBnfukwMSx3/YChl9JXg/cSVA3neCp+7fIcFekd/IBWpuAGSIfDCwv8g+bixXtqVMKy0S/wjC2rqW0eP79qOzX8mlvF8CZ+gtYSfIkSdwmCh25mV7vQDctcPzIvIH+/5+BzK89TafhNynNUpBfwS9vrYaJNxUrtw1jnSnFU/F85rOLDRf8pR6Dy5TkjZ5MX38oTpX8Qfg76mLr5TyT31BLSy0ssdZNNhN6kXE03776UqgBBfxB+4Mkrw4zFgQxHOICoW3b5qGlce1HClA2lOHXz5rdTOQj7B9mPpa26yNuwc9rPuALEZ3Nt4IvSe//clUb6VILClPUu3XzwpTp+mv/S3DKu2vh5y0R5e6Rbbhg9/oc0bZmf80BNtw/AmbnXmTxq25qb1s2Hnqvjp4dfClbS1KcX7W+6Hg4T8hYPTFbDvccapvkZEfgvM8o74MxU7vFYU39v4jdS8es15cG8iB+JXhDryL0KUHLeCBVL7CtFRnPZdAbBraIi7Olq3oBfGHdLieXOxQ/6w9SrRM/f0Wv4tW2uhWesV0RK2fLQvRS3IqU9JHvi5t1BE+Fsj7Jkw4QfFOY+p8Bl3U+qx69UgmaM+uNhEb++hh8ZbBDnlg+qlJFUvBUWBMd3mj3xfy8KipUI35C6XNKEXzlFteOnJgIce/2hSWm+hh8pE7W7wzmNv2eLeDPW3Kcsh1NGuuMW3MorIPyirLh6ET/hYr8DHwdxmufCl/BbiyVDPLvPQ3nxJ1385zywu6aon38tLFeicc7LeA0/McSrOn35HMK+zoMv4dcnheEnPsEbcecOwApORD5np8DHCd+DFrYLKq3CWjaEn5i/fE+AMwQ11/EV/MhMPhXfe+QrraQD386OYHT4hZbiqPq9nWpj1tGHOsp5GT/xuvQI9KsAqlqlJn5zFD4vwfWvVBfMdh1A0OUBAja964dk1QTViYO7VEcl5WcRddUMfi5fv1F5Ar0MQDkmWQ+/c6vD1clE+LbxI3K5lTuI0oK75KUchENTOZTQGH5k0QihvAvzIoAyB9bB79xpRSbfLb5tWRclS+tHx8zzjC9MCVZTfo3il61fWzYFoKQD6+AHtuFU9IzQQ/FUPuWRxplMfESVA3bN4Setnxw1BWA2MKqBn9MpCfgOFEurrS3o7sLKyo/h14j9lV+a0xSAmQTXwA+SGsVX0FVx9HKsOndrxFFHuVmyl/FrtbJCKq8iek4ZA9bAbxuGm2ddVodpEXECFXezW2P9ff+jmfEHkrx/IW2EBbNXWwO//Xz1NHbScnOlTF6eaU0qxQ8qkrJ/Zj0q2wFSBcAX8CsjZyv7ecT49j/sj9di5WS9j8q9r+On2a1JMirevlURPz4SbhA/y7plOxjIG6fj5NyYsQrhcEudpjXhF4QV6Ze278RrJ/1RlRBWEX7ctjWKn3UWS/DJ155WWR2y9XwG/ILVoiqtTGFQz0vTgkVYlNbjXgGCfCd3dfz0Ob/UtIRpQTf10YVpwtjZo/rhcjQgykjJFL+vXWp9Gprx47HJyvgNVW8WBMy4BCw+gRVxbzSFxO/TuhsIUQHacqb35j9ep4LADXtaFb+h7WnfzfhRK0L6pUzZ2HXnXDHIo86f/xB+LFqnK0D2sCJ+iRp1wGhkAX7g5/wmsXx9xewrzZY9wLfmz98h476levitbXkw6g0/dOZQiDgL2naf+lP+xAJLTG9Yv1G8EaVJWhvxYy2rhl9fmUukcYxi/AilanUvnDyihaCdHHytoMJE1PvUAH62Lc+FeVXwUwfrvedpjUQmSaXv76xfe4fexy+1l4oDQjRCDj9P93CyKZvXFuws1RiWYf3k83BaQ/Q+frnZ45EBv1Qb71tZxPcV6bVoxF1iXMP63fA7BNhsP5jpem38kebtBy5ry40z2vbL0os0Vso0rR//DgbUl35Q/NjDF8dvSx0/uqJjqKeb4Pjn9eV2PdkELwz7F9w3BpsVqRn/WaO17v9NyFA7J8FkueDrp36BBGezNY5p+5Z7r7Ka5g1KjejVH7+p5OX95/WHbVzXPq3tOUs0lOsxGBCy/e48ixshDO96E5nSYdGcU/34gUIG/MBLNDPaW2sV0YbzAkwKsEUOA6i42e85dW6kvm+JXxnx488aPaVvaQsJfieCWoGIN1lxguTd+OkT/NKP5nZHIY2yl23egPkj+PHWNY7f2m5wdxmpaiQM+KD+/v2vwS8ziU3jl2iDrgYI9yExcTFakJ/ATxjKhvGjC1ObPOU1/SBFUhsSf/4Z+GXBvEbx81jIwG5sewBbK7fkBR7MJvib8ZP8tDr4ScMII37C1bQNfvSLRPojxW53pk3o34yfrOBr4DeUxmEm/OhsJYnaN7dBipQmB3auXwZgVfyUUHw1/DDYAGo8CwIa8EvoZK9FGvBqxCBHuVGhc/kqEa6Inz2SZw0q4Tee0oIzyPL49TluZJ1sYyYkNw1sWY8XjoFpDj97qUy6VMEPxjQTK+3JbJXDjx1N2OfrZJvaImobojpz06kr34Sf7tyW4Ndn0PRZzI93RcePxxjR8tKoaUMmpG+KinUf0RcgWAG//EKAp/g5PZAdwnhosUkcsQA/US3C1muMAYdJ36wL4pt8ksf34Gfbo7zL9gw/jwGGeCzZjHZixk8EGZFZ0oacaA+ajGt8zMfezx9BFFQ/A/o9/LAViYkjnuE3YoC1WQx5nK0p82xtdUq21sVjtuZ9/LCY3jBtF5YUz2+7U9CJqq7Cek6fuFlKj1+RGNZomrQLhgTzX3oxna14SFYueNSkIhPYQn8SXlRUXCJJ8OTp9HplGn1U2ujsxINmCGfjJ6lGk+ct6JqLoUQGT/3hcEoMz3C4/OBjMzasEltorUyEAbg0t3nyJeo1O5L+AepT2ecqgPwjoRtP/EZplGSj36UHCrPorok61GvyoJsfIdPUMXEncofZ2rgjnk6Y46TZqIkIwt+PH52V1AmcIMNhwIgrU4JvzLjJNPrr8cMzWPqJRsMJ8l9+ngWVVWKeBn6N/nr8EI2CHqhnLEyGZJ58OUlyy77foL8dv7FtVzcDlPPshlQfob8cv2mR52+m1G5Q9REaNRnI/naSJl6r0aRB1Ufob8Yv7dVftwIc2Ki8wfhjlKdlCfVLaDouId1e5uxnCa3Xw2RpWo1WSvqpgO/j9wVUYdPR+9SwJL5GvWot/SOpgeH/24TCUiZs4zJxXRpUgEKlB+O/wn/L5k5o/L9P+TPHfrpF/+gf/aN/9I/+0T/6v0mT5g6B/v9IXq3g0t9K9aNhhSe9quT1ijbQqxVrDUgMpRfVyI8saHY5eAHxdqqVTWuvg1tXWzfi9Z5PsS5Z6G6pbrtvG0pPC2pMbLWoLyVeWV+pbFpbxoZ2Jfy8D7IwpEgDeksa+nSWagjUVPq6oMaxTbvUbzKiXERj+yNfWbtn15yF9/p2pXVL3ijxLG+qnekgCI8n6NP/Mn6m0otqxGO2EL/hC2HU2kTO9MpX9sIqhtyh5QUVstQF4e0hOzt5batrVHoGrEZm/Mj6FlbEl+PnsT0jemX9uvxHLh2oHjkaF01PjSj/wX8FP1PpRTWO2eU5IwN+qDbSJgNcCeU/fa9rWhs/bG4d/AoU4Jrh19amgEylj8z6z2P4rfPyO7Id6FqTVsVj+LW1ypa17UeRNjeSXTg91WPd671uP6bMfvR0/ADwpffS9EgxTZn90Cob1sbPq4Hfsnij3pjhNlbxM5XuFXB8m+E31vEDw2x7CGLVdlagNsNPq6xdf4zQK8Bvnd+trBU+RGEeU45MGG6JJmYmrApqTBl+w5z8kg2q6wbvECILLk2VNYffWr5GmFAOPrwmnPtPX4qf5TkT4QM0Q+kX4+fZ+p4yHT48aWEsTgt4Ez98VU/wg355TvWrr4pnU0TFb+M35M3RepOy15xo+kaHj6SYOn12ztdr+Dlsye8QTcMT/NBMlppfwZ+9Qi2diCnmeviluXc3FPvBVfyysamn3HjUN2hvD73BNS3oJfzGYvayBD9bP0TfQGuO2rLQS5CG+hXwyzDTz9IjfgWvQ8FvIsVYZMz7dklc4hX8sp0PpNIn+CXlA6s19w3ahZ7OWhq/l+M3EVwsbUcXJWV1yPihTsugzkro2wVNanOBqICfeMBqpPBlmyef2Q/zIklp9Utqi51K2DkTAyqDtVL8PNHjJMf9ZJE2ZygJP7IRT7RzIkroF73+tkhcjl9flEBr5FtecCW4R7tUiB8uEzdx5VhOISRnZGTAVNqVX46fJ8wnXWEtvz18EdlynQw/j3ADz5eV0DceHkd7nL2kEvymmsZIeiN6XivUOeGlmbpkUXC0OEd7TMRK8NlS4ghcg57TGmyx5Tj7aqpM4Dfmo/R2wlYKS2ng/SxFdQI/DDAvM1kf8+axjaJ2ts6NVwkI8DaX4ZcaNAZpSMLhK8YP4etLwueRtI4n73ZJ5A1IuEBHrOZJBHwj6XCwMvyW0mWOXk9mQHrI4ljcacp7gwFmO01FO3kJ2Ua9jBjrSlxcht9QOmVEvDHSacEqRfhhqim5XoK/CvY22hIDkogU1xCon7LGYsfJ/i4vyUApw49oDEnYM7Ekwmg5QqXx3iypjl7yRokScoviMtbNhKYMv7a0wS/jeMwvuRQcP20ITXIm/MVO8J3R+NNIMmtj2cSMpcaSXGSfDS3K0/BTKmvzE8lSWxJ2ufAh2y8hBJX1xmOHCQhBEyU42mpRFKc2A0swYMLUWx4/1oiPD0ljiLkbWzq3IMNP8ZXojiTa9wnJjdD1sOJ1ZnTpcyyXTFilvLGMHfq0pWPBgNn4VzGMmeokMitcuJ5gQKZHxV3pKYuQONzMLPlxSCOZhWXKnJzMjoOHQ0456Ov4ZQDzj5kqHCq7ThPRJc2j/1AZkEDXpgwoZcfXOiLFyJf2pRSxNm1pxoCJeFmqWcIEPTwrjr62HqdMA46z9uADwUx059SStJeU0FZL6CllwV+2+cdmP4HGgf96AJd4eD3chC5Ks+lvJHGffaTfaNeG2i4Gqn15tbQyWiP5y5Pxkw8TIrVyYz94A+k/VjVlrrVaGTv+Ez2q3CpRzjQUQOmQUrbFngKYstMYgJtK1pkCNxg2pcGrkXmWm5628T7S1FJ+tKeYFXdq9SRv6fk9iJmSGlGBqnppmD2d8MqyhddtrjZHVDgUrc/tO/VcJbPA9vwQAKd9UcJaKyFHU6JQciQ7r5IVzJWGew8S9Sc6CUCatuRjrbJF3X2HSSoV76QkubkyJvIevUUCgydQ3ki6WGIoaTMCoD3lj4S6INJPc2EJbbUEncDIjUHW+vrvispkt1qApUxRbykJSb8n8i/Ck0/b6YQpb2/97L4M0XqPW6Wn12sUVaYHWIjxFFvJMPqI+1PEHuNxwSQhhvNG4nVCCU9jboltl4dFGOEVQI0GkDVyRo3OL6FeFPB5PdrJBJiLhv3SojlqOzsrCEsoCVmOq2+4cv4u+MAdzsxKT6ikdEgiiE5uiotRX4ZsWQYfWIfqjW52+kIjp9csfGlipWLlk9Oz1QMan8Annz6RD7rmqDIkUF/qfdnRDIUdepFSNHdJ5tgMFZPoVYOvSRpBAybmw5oboKbhs9B/TKUAgsInhbVNa+xdrkckGPRhN3fGnEKNw4fLijDCYiy2kPu+Dj5rAmPCdN2zGz7mlVJhh96hJR4KlQ8iAicWrG6ajBrcBp+nIeqS/lcowHaTZ3eqlNf/7b4yMhKUgoR97cE7X3TvEnboG7e9pqmZx9JGF4d9I/21Df9H/+gf/aM/jBxG9Fs3FvdXO9Jnc2L8IWaJ2G/kX5bEyTLIOaXv9KOWN5c5+26ZHuWr0bqj1iD/hEkMll70iyaJcy3k2eNgQ8jF+yAX1zCKTuRmSGu/6UTRHT937yd2BdfMZYn5VclHv9MJtjEWE+CRhoMg6Fpzkur0gAbcfJqhZVlX8uG0nbFUuxZ9dLKsjUtuDo7cBTwiP96PkHnPModdqaWnHdZz4OWSR132beN2F6yFpDXzexRFV6jQursHTNiCXsaBj52KXb9LkkCPN+SKu+1J3F/cfbjYL3pr0eASRB2XVIsorXgN9GkctXwXKIJCzx3XP7nuJ5a/C4LWyXejG17qGDK8FiFN3KEQW4/AvV9dH1oSR+Sex0HY6eJxpSTVHfBz6UcXuuDDJz/wIR1JtfPpo41l+fQm6E4I+NHmBO4F8GOZfzH8SOWh24mzRy7FLyRHtEJru7yFn9C7feS2Tq7fAQDvAcHPDebYYdchL7xLkrinVhBs4eE1PHD4oAEnAKKDbLOK8EtA4MaGroKsBoJfEHeRHKsb+Q/4e3E7jnUOA3gpztGNFvB6A45f4PLEhJ1DfDCLPs8ZfhHBz+l29240s27BziEZsAtn+Djz3T1NtXMf/BG7SbsTAH6hO+iSzLG1Dy5dloLiF8Cj2QbvjT64J0d6BA06kuKghSHPM4jwit/4FJwEfj7D74j4AfaDjr/r4o3U+PgacPy2PkiCFV99ALrr+hfo2SqIHtjQOX6Sqwb8uKAfAh9xibdnB7iFnnCL/xX8ZJXY7RCpP58HGn4+gouo3IIHT3ynIF0FfsGRP1LwI5LnRMCLgJ9UGeBHqlgEwICHQL+UjtUET/kvD5dc0L14zHX8WtGA4ndE7gc6ui0Jv7gTzMX/M+vyeb/i+Ck3SseRe14h4bULorPdiEF2cDsKfv6cJSZ0AXm8rWgxCv+RtJDr5m4XmD6m+DnOwg/PnP/EI5X/YrBcwH9dENI7qWyg4AfJVsh/C+kRQsDxC0ge4J+TexBP7/4Rf20R/E5X/0Tx27DLPWcBFC3wmwfszt4rMOpWvv2O4kdrWHH8WmEHKMTkt+xdh/SEW0DbkfFrRZD20+Uwn0JQFVivht/xuHWR+2++j4X/PuDNpH4AacMrS7XLHin4tVxM1tkTJYcpfj00/MDaHNgjwcIZfrSFJ1Eqxa/lgimJKH6bWRicu4hfwJJAdwcZfgfXpx8ewFAXoscO58PhwPEjVX/6HD//uEeicHP8Inq7eg4//8YSM1oc75EfyfrPQfywsZsZ2o8rSb/ALmxOQWuz4ijvskcqfqeN20KTDvidSIq5Cb+N/EjGzycPDlR/ZPx3OQJR/FpQshuj7XFdjl+g4OdK+CFTdX91QrQKFD9aw54jJfTfjrKqM++iZWBejBsW6z9wkiyiZ+8c8BkqB8BvwURL03+z0D8K/Ar0n4uGg7gYZv3noGrJ679jTv+dqDh1546u/xzL9y8t6MqdccxKkV/4Rnu5gRJ2qEWd+XzvBo5Z/wn8mKqcf/6KQbPdCUIbeAWA38KI3/l3SPOdwJSQNFC1xfSfZcAPkob7PH53ooZA5w6Y/dj6qD7M+K2o/biX4ndzCcb7T+i4jt8qbCF+N+YAbUEhZviBWdzTssBvm4fU0QO1V4Cfu2Anejuuf42tBbwb9Hp88BgHFx8a2/XdM0mC+C2k47/jjg9+7uCEfOv6dzBqJ3QuqP1lfdjRg8sdZn/B4sRcfsWjm+uvwGf1Px2GH/i4V+T964CloPgFq8FgTq4zBfsRS49k/AKaB1zSELswD5DHdPzwkjGADjpwn1nxg3i/4BnENOfDDfZdZ+4jqtbJb60cZ35qRRy/MGY1UAxaIWqrzwe6x27YCVxiOvYd+AxCf0Z30g8wyX8gfzTxLyb84H5GkAH5YtXxg07ofy7I1SEZfn5EssbWPUT8YvSMBxHxn+kjYPa44wYdKApZMyK1nwPQqSDGNPOMlAWuNTQjDHDMIR4tdPzCFi0V8Jp3wGgE4CkCftQ3dsM5YuYQtY9yN8deQs0oCuDuYc7fc8u5BwHmJK5U7NMvmIb4z7wGpjovW0oISXw8tTY3CuzisWltjkTjsBRX4Ef2kevt+bbVOpFE1mwHQ4AddnV12fJe7Vl6cEEflznNcVnElwvIDnu07dJ6W1cyrMJHQI/txTrzzAOppQ/SbO0R1nQh73Qmt3AAXTjtkUV3F5JtewE+v2wdWkKX9bi1W9AqaZH45Xxpte57Nko4XKFx+5jlX7AaLqv/BW9AR7nU/GgsAAAAAElFTkSuQmCC', '');
INSERT INTO `ecole` (`id_ecole`, `nom_ecole`, `ville`, `abbr_nom_ecole`, `image`, `about_ecole`) VALUES
(6, 'Ecole Supérieure de Technologie', 'Kenitra', 'ESTK', 'data:image/png;base64,iVBORw0KGgoAAAANSUhEUgAAAgoAAABgCAMAAABL76pyAAABDlBMVEX////3+vVbpCTG3bYzUxxUakY4ViPP1csAAID19/Q4ViH+/v35+vgqTA37/PoxURqImH6qqdSysdjr7unx8/D5+fzk6OHa4NclSQApTQy0v63p7ecdRQAlTAC7xbXI0MNEYS+Wpo2ptqFugmQ6WyK5uNyVpYzy8vjl5fEAAIbd3e6hrpiiotCamsxqgF3Cy7xZckl8j3BRa0DExN9me1k+WyuDlXhNZzy/v9yJicEVPwDf3+5Yb0lpaa9RUaXNzeN1dbcAOwB/f7shIZEuLpNfX6wtLZZVVakeHZQfH4s+PppEYy0REY1sbK+MnoBJYTpSbz1HR6LW58rl8N6Pv3EnJ5cAAJBuf2YyVxVfc1aBjFPlAAAgAElEQVR4nO19C3uaSrs277epRGAcoshJBESjRhIEg8eYmKZN25W2abO/b707+///ke+ZARUPUXNaXV2v93W1GhyGOdzzHGaGeRhmjz322GOPPfbYY4899thjjz322OOlaBweFn91Gfb4W6Dx+UvrV5dhj1+PxtnR+dHxya8uxh6/GsXhvw8Ojj8c3Ow1xH86zo4P/jgA/HH+q0uyxy/G6cH3yekxCIa9sfCfjiExGFvXt9e/UkHI9cCXd0hXKMQfXOFty1N4pfy50BPpF6GU3THlIrKlHPkQVfV1CpTGtDHVUnLh5GMD/i82fyUTSr6OR/b2dO0gUOCDCzT/CbkXjC3dsAIuCF6l6dU+Ytvki+A5UroQQnspf6WLWGs1g1LPMeAjK+k17jUKlEbSmCo0ZkLCyadfrxkkPcOj7Y2vmljrQfs8YLa7+7Btl0e93JOKozoYhU+7ZS0ECWVQj3zzNIxTPV1wzL6ykLQ+TbmAXKRhBxKGGq+704tZjpPV4OtLuaryGMGAKnUQrydlKd4evjDTTcjtNCArOIM9YWsyV89g0COulmHHO5dADlg2eJq8d9kM29lFX20BpYIEX3I+VLA+v17RMjq3knKVCgWd5zMcI9d4np0JTVfXwipC1aeKuiUYKMPX4APzOJhmlf/WfFmmj4BzoRJ+rb7D8OK6ONohmaFlMLQAfKD69tQJlHLmqVSwgArBZirItmFYW3N1UVxSIYQG9+Y3+5hfpAJNKa0+BTjQ5ZgCz7L9WXkkDXcDpPVeSAUL8bwDHzj14MblzVtwgetqnZxhYidb4tQt/WxntDWKcgUwSDAR3D6rtXcuR6kGNz2t2ZQOy/qbblG8Po+QPlY2pKHPHuO4nWHssTMJz2SBGc6igJf77BoqMD3EdyGhBSN3dg0MGavgPdn+WYbSB2kJBqmE8Lxkk+O3mF5qa7ojcrpeVzqmZmxO6+L+o60qc1mGs2LDpo4w6SIba7sbUWIVo8rOqWN42kap0HZ0jBCfQd7jaWJYSQdnxzglFRjDZKOl/C1+jYKA8cSCVGDkCM2pwBTorZylblepm1BHRCowHE5RgTk9uGq8KNd1ED0fhq5qC56ZQVuGpaSF6zwpglKkS1zXjNVM6R2OCsTieYJUgLrq7vZUCxAd3H9c+ldYFnfv6hmkPUKFgiIyWYV0WNZHPu2wNsKpQZ/toOpShbNV5K9pAzAniZHQS1OBwtUxu5WJG1EIMAsfioNmzdPKDz8cX78o17UQku43gAp3mzWEb7orDOdiVcyNUOCZKBmkFa2jkNJvEzMLCM0nt5mHa0tiSp1ZBi6Y8wH0jy3V14syruO4cjUTwtechBxa8myEqqkkBl6WCkJd65eYFagsJlWV9CUq5CSTZ52XzX54SIdCFDpT4VY8/UamnQ9O32xeQQwx6j026ClKazxJzjSppJDDsaVG76zpVTComVKgP0Xkc+YTbQW4hV9SQWp5lJjsFuaRtMmmFO5MXWprmCXFN5BGqwY9HaSGQynoLtPIMtk1Wi8baBKMEk/vLFVBrrIpr+JZsFliu2YjLbHB8wcxvpy9KNtNULt4vIbwqTKNnJXfjRGKaO2zMvmXCA3lK3HPZV8Pn/T8YOPj10AJluROG4pD+z8XYPyoNothI2QpjklVv43NuIMtlK5jNjSX+50z8Tqt19NCgaiDlRYqRHjdpNQaPCaRszyCSuaqWtyYzduD70dHpzcfD4Y7ZfsMCHIV84/rdoWzQ7TaV9kwWjdIIr1O5AyKZle4JazeJEf88hBU3DvP3qC0cqG2SDYxHMdDUNXYzjZilUBwy/EjOdaMNbGaWZAzldGyilO1mRUqGu2ZvvSobrQ0fqViXjKTuQVcYEqP1LRPGjPX0yNK7fNPt8STbDTzb7MwmbOlagSe1yOGm2CHHR6xmczYW5bh2ZkQFo2w6sY/56o6GWwS6k9/NMrsAmqrs3C5UF+SpG0HYcSGy6pWNNzppZ4eT22LbU9ZKA6H2KAkCLsa72oXSTSt0jXTHeeay66jAs5G3GViXZt7ngadbuQ0vCgBxJIRsWkqCPJcVHHVcEacbADN+4h75qNejsxuxXMWzY9Xb7n4oEYa+N943fQJgVItI4x5HtSe9qiTLldNjLTYbhRCuvpQRzOLyTI1PQVNXzMhWzGXZqR8lMlkeD1apF8h0maDT9LHpAcFH3JfGHslnWUdP+xJ61BZkTSlTjKFXXLMtByw4/zT1XRQrHigbzBmp4nbLJEmJROl7+YqQVnDmRQVQOPMZkKEQEezGSxV4xeXP1KoEqUneJiNm/7q8vX9yHmR+5hnfU/K4LXLR+oYYTbyWbbTBbY8xgVL5zNdXqvTrgl1Yn1VUHfa4zl5CWvGa3u09Pgq4lmgIF6UnD0gyNSylxCdeTY0PsPyCwrBJRLlEeg4XHq86OuxuQlUSPsxcq27rGZ86mAKdoSQV9X4MG4OizdBpGW19ByGkdEx7jt8igqeltEqybNFh83gaiLFVA0vGrnCvM4+Vcwuji1bZnL8dvZi1oERb4jEk1o3rwxuDHhlsmeGJS4ALiT9JcwkXUxm0ImS3YknoXIh7SIPZZ6yUKeMpisKU/8W6aHlI3ZhqJV4HuNMYrv1EHmeDKYZzujews2q63ectahhXkske3ZKiVCLqaB0tQWPuoMTpSXmZilhXAuuhnxLKHiO1qcdZLFEsYhlVJ+RrOSwbN9VrKmtQDIAfxtPJzAF3+R5Psk+20Fs1Z1P93JS6E0lqk8b1cCj5MbTj2+2MknWDIiKy1bR3JOa2QBKhNi6mJW0OrRVwcd8oky96c4FO14pdnXsMiGidROrCRX4p/hR/yonfpr6M/4UVA4att3HmRQXXJ2NIhbHqj2mQptnOxGMMPo7t3XhuiBhNp4cUIKpape0WM4o3cXJFT+ZnxL96XC/0yGlHCAcGpZR6ePY3jToJLuoo7kEA4+a6DFZj6ng+v9i2qoh9WeTqqU6SNFpthzkiLCflN1mEdanAyOYUiEZV8Wb27dZjiIqnaXqWB6jmYRWoyhufjHCuJ5rB/34T6XLxwaF3J+OwtCkatZmcch1Ys6LPooVROZJa7RBoqclM0j7gdD5vKvK8QjOSQiphSCe7Bem0gcbIIjGdBjB+N7sRAIX+GSZyTOdpLkr+v/GUiFjLqy9elqsS2xzWhUPjeEeI+jwOka604l7z8UrCsIy2YDc+4AI3wrOyBKdKiNUU06P3dfupt9LvQzPow7VNzkfY5Of5tXBsYIwZ415/eFoSxWfh9wdyCZovVwFz8xGMTSxJoHPZ/s637GtO0MpKIqiqu0xz45tjjMikLI9+GKFRGdYHNfu8MQ1ID+qakRIJfSetHWFDE2fE1UrBB0aWZALPL5tuBUfZ3iNdZx+D/pA7MF45Kq424bSKVVEzLoKcFkNMe9CcXpQHLh5Mxwe11WuLYGuCQxywe2wfXKTymUWzEYgeK0tK3YFhH3XIykNYLtRgrJ5YNFm2MBQuZzKKRVMDGFbS3HfNvmu17bqIMHgAQHmOz5GFTXSZ70Pmm3uochKBYxkHFjQgC6Pw3aGrdGyZftkyV+40+Yz3sXTL6dvYju6Gs9LlhtCw0ybARo8Aw4DADzITMYJoqDT6fe7UHtoAXIZ9HUGT7+QlJkp4HvQJ6QqBcve4RaATR6oAQZLMcOyfPIgFrNxtvAkOy4tLRj5LehTrWBheikTF4fevBGkFiT1PC3L0ofx3SijLZTZBnbbFTD/2FRK3QXCQRZwEXLSlSrud+hqCNhT81vBKSDFYpNqsJjUhe/zqRmnwnhqpMqVqNsl1UzKrlkMcJveG3VJY4Ihl/ZTW7efBm/gUypQQqRrJsvPFx7bGukJqHeG2OF4Bt3UMRn8uHMXTxDgTN3ByWQB1uIfoQUIqawVp3wLQow7KjjYXibOkT6R2vzQFdB3sUUTmaQL+fg5dAlLlMAa40kzwj2gvtktIEygaaUOnl3i45Kzi/Ncbcwiu6KhsIrmKTU3RKTmlQ65qIFsAlpVc0whcFI35yQNJw+DbJHf03EHctFSu0O5LooNL7tvmhr4aViLH0PsWgnTCvGYVtI2FzdsNa6PL15zjikXi5z2GNg9dqVRav8KSGW2+67P48irh9G7GGPf49z4D4ORftAvdcb9kfwaGh79EZoVSJXrP3GLkfAT96tq9YckWCTH8Xgc+dWw15PupF44/sFrsT8iG2EEw6X/7l0Xuo62vWj1/C7Pk7t6jNF/twUZhDPkM5TtcXKpy5K7fkDDL+q0OuqObe9HpCrTNsjwP34YEnyJbLCo4LNfkrpshszOeeWFuQ2xXYUSdXnc70LqEiONVbnaraa807oeT/WrXVz1jHp17NselGj8DuxgA+QHqRCIXL0EJv3K/oCT4w+DJ7XvRshTT4mz1ZwQpT1zkNORwrTNcrxMs27ebnZp2QNtE1ILUrRty8gS1Pczg285R6vAlGxjJroLOq62VYZ7mNt4coDH8vqbV8D1wmlWSVq5Q20ysTJyFtzfXH+2dyV5UPYnWnWQS9URjHW1trIQm2OUju6VLPo44n7L6TYpOBotvzzuL2nSHnjQPKKTDu0u8TK8TvrGRv777e3Hbwd/TLZVdTuasTciplcO1X6qjpzOsyqZkH7WNs0SmYR1n7gDVY78x1ZzBW9p1UnjwV6Nn5OA62q7b3dYITaXGMyCuijIKitrCupondbLqiIje2uonwtBeDDq2q16oqTFq1fWw3Iryz64lokcUMh6/8KEf+M+WZw8eIXXJk/zcUHTOxoLqfIQO33TBs0c2ZSvcpu8tidvRbaT6TZFEZhSO9V2cl0Kq+ns6Lw293Oh1+qo/zR1lIZQidauXSm9uE1kNcuI8ajwgifJumyJsC7XW7dK6qLEXQxXt3UU3LCS6o/Fxswf/HFzcXNzMTx6BcvxJPFLK4+Y+G1wcTcsrWbDEa+45vKawavAM01L7Y6CORG9EeL76XFjsTBYS05aMato7drxjsjZG3dKqM7IF6sm5ramfAyl/uqrRBaa7hp7quQ9O7hqFBuN13Enp1Qw1nemUAVbfkOdlR8YqVVNW7PN78Xwkea1TZTaqWaZptRPqbKSQ3ZxZKPUaxOyb/qv8EbEIzBMFKgO0l9ANputLkqTnJtBy1uwdkXj4yvuZqNUaDUZ5eva0riI37jILrjdXo4bV9/gtTDG7kQK2ROVeppl5CRzVlA1iFf3rPm2FWDCk7e9PAGFsO8ybr/+rxfkoXbKnjrVEqJiBJoWPPtNqvwrrkJMpYIgrXsjyQXX+W7j7G1Ogc6QX7qxez1KZE5xWZwqzpijxp7Y7iQL5dmga4vU/uN803l2s+4CuZRjcvK2+ezNUOq4G3qG1baMStjHWld6pkwguL59tcnGKRWgiVdWyWUJ/Jjgbbr5+bA1FPTqXj3QzeleFrVf7oRwyUcj/y3k02tDrXffjzS9bI5GWr/+ohIXh/evtVI9owJj6dGC6ZhrB8SjfQFj3wggDTTN1PixNWOpMtZNzTTxu5W9VX9PCCW7EkZRtedxpZe9HAE9+GH4OsuTcyqAxa5LczK0Qx1jvfcKbyK+OkpGpe4ZXLrXZcuDS/bfsbSPQdh9l91mnF98On0NMqSoAJaBjvuhwamqLXUwZlH0ss3ae/w1KB7d/vkKZEhTgbGdsqZrWlnTEEaa8+LX/Pb4i1A8+nZ8OVhrQDZ23g99srj1wa77XbJSV4sqb2qJ7/G6OCEnMq01IL/v/H7tYX7pgqyonM0pb3xgzh6visExXYg4Xt3SdHiw3MGPYoUKe/yGyB//cfvx04f7lfXJ5u23ndcs91T4J2Dy4bDRbE1WTcf8we3O05F7KvwjcHKxftLx/uByZ9fi2VT47//a49Xwf5/ZCTMUhxdru/z44GbniennUkH4f/9nj1fDfz2vE9I4uV2z27X1V1CB+dcer4fXWFY/u71eEQxnB38FFfb4u6ExvF1+J+Lo4K+wFfb4+2FycXO4QIb8wd6D+E/F4OL+5HxuMwAVvuznFf5DUZxcf5536dHaGchHsKfCPw7NuUoAs3H3g5r2VPgnA5zJ3aMJ7anwT0YDqPBxVxdiT4V/NL6AsbBrD++p8BtjJT7Mii64ByrsaizsqfAbozVcmjQYLHuO1wcLk0yt8wZJ0UgnK04aDaY52VPh98bRdEIpkQ/5M/iaFg3k7N8/Z3wpDg/Prs4Hg/OTSWPSGEyag8nZoHl4eAH/plTYh6z8LTG5mfby4N8TppE/GpwxQn6YGvOThb1NxWugwvD7zcnFcHhzcn95en/25+Xg+/Di9Pb+LKZCcU+F3xLNw+FpguvhyenVaYv8PbycH7zR+rAws5C/+X5ykj89uW7eDwY3w/ywOLw8uc5fnHy+bu4VxO+NRitGs9hsNYnOb7Um+eZ8HaJ5C1SYn/9bnEyKjQZNWGRarUaT/tdoQTZ7W+GfhAbd5t5Im5KNz8RuBGoUz1PrVK3Ti3yLJm6m7n0WFXLZbPYlr5AKivKK7zGR0jzrjQ1hpxtFSPQWr+m/ahsQFK8/rcwmFS+ACuScz0nqsM/JoHn25zGhwvnJlDfDq2J+NVJhSZ3isfcl29UwXH/IjWq4rsVta1/b6S6+qS+r6vN323NhGFZWOktQ1DnWN7oCN24PT2lAZTfEuCk8lvvCk5LWpJ9xTTlnNVBIDhI9/+W51vDz6ulcV0CFj9Dr11ezS+eDBlES8K2Yn75UBbYDs4YKbeeBrTnO1/JD8MjQF0Pd7K0psxrp3f95Z5a3RAcqOPrSQS6GXn5+XCXRNbVohX2yr+tfHZZlnZpeXg1vRCC0MSpvlW4FX9M2HCrjlcvbj35yayxb8+inXqOjoOCsHt3FKLUyOZMlWyo8hRANagq0jiaN6/QqZPGMXCcTC59aTON2/lP+/Kx1SCmQPzptgB8KtDi6bayjguAhHKmKUkePUYFx2SRqwgJKYy1SBLm3EkVjEbled/n0DkPXn08FhkN49Qhf2dfq5ITtmqJG2noqQH/wD9sVXQXhDeGOPH2HU8CyIaYRA3IBio/VEHrrggcpXZ2cxeYGT4mz2bihL0UNPjWY67PUtECLxhEaxlTIz+MFFA+Lw8F3kq54fXRGPNL7I+YSvIw1VGAMTE/iEvudp1HBwLRDlWjz+TTi6okCBc5+wcv76rqTw+SoUyDHy9XIiQyPRMot7USF+kYqlDh7e78JdUxPgucyyZF/2bWnKuQ4mwQg7CH2KVQgagEGN/T19dlwvgm+eUvUxZDaCo2bUzJ5RHnSOGxeXQ/JBML5xQAkCiiLYotscNlABUaOj0C36hWDHEovKEbFi99bn1Ihy3l1Y9aJHsb06BYxl1MAOYb8L4PtAf+LnOfFtRcUt0JPoJHh15KoehWVnBpNKz/NTyB3ZpkCvT/OrGBUDLgpa3uVdBTZklXxPDahgmLUvelhcaJlCZQKAiO73GJZRc6te+0CoQIrltxKm2QMpVRI2ZLYPwWrkjxoSgVRhbsSO0iBXzlSuriKK02xhJxEqVAIutysDVxSUhmeWhJUzyMn25PMQDUoHZaHvEVSIJFUG+4vtb2Ksf5koeJFfnJ6yEzA/r/5dBFHoz2bkOtkqokoiM+Ns0/DSfO0cUiNxJNh/jJfHE6Yo8+NwfBwcH7VPP3c2EQFJZZkBqtLfXraeYVlpcCkZ0wmVFCqI7+nzQKkGJjPxHI+G47Mrsp4703TANvDHIWhaWpUOwp13ZEcLcyC4WSaQWhqI9com/QQRCWE/Mq6CzpqZL63GUs333tM9s40R5WvpubIJLBSWDXnR7JZXdPvsTylguCx3bpjpsMKxVSIO883/VCjQQSU0Ax66H2dUIH3aqZu3gFtf5pm33uAP6gIMbq65Js07HxChUJY7tcdzS/Fjw2hivqD55VJEUn2o2rPZI314geooNdJgKvYRhIrZQdKKkF9atAG9bKpa0BctWOOOiXuJ85kyqOaWjVN/Q5KVwPDuBb2dM1Zx7Tm2e3t8KzRvPzUaNyenZ7Si5eH580WPbHrik4xXV/enEwuD6/o6Y6N5uTP1tXJpHF1Ovl4dnt0fdm6JD88RgU5G1JTzCNBDNQyyDXX1G0mO0ZExMVUEDskCmBdm4b9UDqYR75NWkPpkxN9GZ8GUXN1HtrURZhEDapokAGHSIPbiGetbDByQZ6QUNBiYEKX1hFRoz4mJ4TXafTRbATDXnb1vqz0zQo58H/aKDaLQhI4hFLB0FmOUZ30aXFzKsiBFuaEOgkwJHc0XxakmAq4J4MtT/JTuzwrZe0MS45LtciDsyEix/LFVMhWSchMFRFtrj7giJwgR1LWqVYsBCRGQA/V1r9/TqWC3Jvaxnc6PJBjycnvNgvDJ2fpNNoNlyGn/Jf6YOAwAq12KHv6V+Z/Rj0ic/VV67Vx/fHqlsSZPBoOG5PLU7o5oXXYKF7ffySmQvHm4OB40Ly9mgzyt/l7YjseNZnTj/mP50eTj63L68nt5PZ08KH1KBX47v++oyGE5T4eF5ic58mFMe3JOu20mAoW0slZ3mhm8rVriMdsRSRUoFEswoQKJJKrPGZNm/zgk7hLpOqcznbgJlCbLiZx4W2ThNgFIzCcUsFD5MTkrM9qNiN7brZCo0DC1UQQ+ZgcKslRKmQ7JDREIcBO6hTtGRUMWlZbg9Ib9MBMtW4TKiAZmhwTua06hL1yQP4QIxrC1NBJNWMqkCgXNFQhENXTSQ51TAa5R6lg6ORYcxs9EnMLqMD33yE2drtKNQS8KXTwTxHEAhuJTImlBFS7hAoFh60R0ZOtkmcVPJeRftrkvHG8EqFxQo7YuALt0MgfnzaGB5/IZMHg4BZshD/ohBGZbbxpnN0PBpOry8OPkwYzOc4z98PTz8zp4HJwMBl+P7odDG+auceowAaG2ydSwZ5ZZPCNBPmwaPcRKjCChLFkWRLSZtGFlF4G81pVWKYCiYcihCSOShuxgWW4XRJBCKgQxB3lESqQcBR3hlHRUW2RCqLPxlEeodNYz7B6mhYfJ5d74ImBFVNB1fiOYRgdhOa2+YwKuRCeYBh1U6vKIZ76srHZKFZxhoRgdjAYmvAIHghbZh1Se52Euo6pcEfHANMjPQ8u1iIVxBBlIHtoiviM8KwVw7CFKRVw6GI+9jtBfPkGNDAyQT7yOAJa1GhzLVHBx/MwS9mCsUqF5uURsQmuWheD+2+f7o8viXVQvPgE4n54eEasxsnxwbcBc3ZzdnL+58npzaTITK6KrW/np6dnh1c3+fvWLbl6MWwVEyosLUcRBSEyLolAa6FpvM62jkm05rZOYmRTKogh5n1A1Z+fCizaAeaxvUKFOjkOkDSawfKdEO6phuoyFSA/luZXDR+hghywmfiJHn1iAXp6RgVbyzj07upcSM+oIEZsnLdfgUymEbJjKpAmT6hQolTgGEVj+yKhP4kdHFMhZOnhuxKJnc5pRLSFNPQNpYIMWSRNEUcmrOk0ZIEWR4RMbIUeploTqMB3aEl9hVIht5UKilv1A36FCtQyaFweHH/498354c1VfL7KOWHETeuC9Oz1wRf4mFwPGkcfm4fk9anGUev6iDk6zTcvvoMLcX04uGpcnxC/43GzkYaoXqACGfyLVECrzrESkDZbTwWNUAHPdPkqFfCsFx+hwmLo6UUqlNmVUDRpKmjJnUAFfRcqUJnI9lNUqFAqEH3g8eV63dTJdMWUCt20lSAbbgxrJhWgCUBFkmARRO/E3ilxL3l2OxWMB3Jo/IpUKNIZhaMLGOInpJOTEd34dtg8uaDzia1vn6nF0GowzXOmQcY+05y0yEJFo/j5kGk1ms3ieXLme2PNJsipM+neCdAYSfQ+0JXkhF8wcPy5gtDTk0mCTQteIaq41FmlQg+bbbDH8Czs96qCmEeMe0xBaGl/XHygwbETBVFml6PDLyiIqVYAfaC7W6hQ0llicdg6pnYsoUIdUw73qM1hdKVe6HE0NFyiIDYGGU6cSVunoYShDWfnpe4iFVSHhEq30QoV7mEcNz8dMcVB+rylxofjL9+o21g8Wn8+E8X5lx3epkyoIPf7uVKGpXTnGDAbSdiUOm0KoMIdtZXoFH7iTgsRPY7ZQ9DoBWp9MR12bjZCIz+oxDij5j8H7rs6o4JLFXF7FM8aGiqRvkQRS7TXZlQQ6vER6dlp0NkOldo2nW0EU5REK2DUVJ+kzMY4pKQAZQVNT74qCp1tzEH2OGNPbQWRUiG2DpNJ0ApiY7ORRMGKiAfF6eOZaerRIrpa3E/u+pkFQYrNf1ARHZVRHpI2ICYvmI1gK3RxYjZGYK70WZ38DGZjTAW7TFhorFCBufpyff3HVbF4db8woE8+XcS7VzZOXw8+bfo1Rg4GQKQqapUEm6zoOOC4KhTU0HQvqwQ0DCOkAP9CHCM2VMHpjdWEEOlSSeb6OjlvG/ywUA27PPEJwJnsq+Aw6cS8rsDgtZUKW8lB5djY2idWFRjXWRKoT+V6ZJaeTH5zFbDwJRF4xSanOIPeydQVO5qG6QADt99uBxl2TO193LEUt5ZqMAMl0WOAyYiHvH0oa6GP2TvF+Foh/qOuEpKTOMI2z0K2SoclvkCb13uy4pMYusTiDEk0BL3bztk6mcT29ExnDOipjEjGO4kQBCb0vCmWIVchD+ItQoNAw5HQWLbqsRI5u54FF03FdMSR2IhQsypkqd4ppTEbh/DiwL/grA7lyQImX+iyY/Nw8RC24vkuW5Gudzgp3CgDRu/fm+QM9WxF00bvacRGr6ZFTrlXIF5fuQwOPpm2IT8mWlLwTbPWKZs9It24r5pZdiVTe7CAChnk+HqZxKdkxLqume8fPBAKNa1skgZiXMiPGNdKVTNHcXiWUmCW39cr8EOFqcP/D/FDuICkmJ3eK95BqsColUkQQsF9gJzLqQNdrQco58+YC6pfNpOy0ky0ilyAZ5g/SyT7sip8hbS+3DPLGgmTbX0tBx2TRJR14VfTEBi5V3bjSNsAAAErSURBVH6IHmrEYIW+QbqukwCQHmksg6zEkWN6O+sP6RXuyCN6ZBxAy/qyWClDu5XdHKNCCcuh7JOCFGTSIGCbc07ZfC+Ri2UaKkSsk1q2HbO8rAFbJ/lnH/H86ekHAsuz9QFBbS+vP5fs9OJBVrVnKUR7Fu+ZKIjUrdl4pn0tUvlx689mVeyFOf9SOnoNmcN/fE1Bmeet2huDmUzTLBUgy7XjgttOX6rXpYBNxyCHou9+5vymNqBhmxYfrbxkiWY9Jm8WrXQTXB1tWM/5/VDoxKFiQSO9IDDEL8bkFSOP7Q6DehD/HCiORmZUs545/p0Olf4bAKwv9PzgF39HeF3Wv6v7Gf8fVau/AJwH2LKx6TeD0nYrFWO7vbHHIl7prPs99thjjz322GMr/j9QvPqTXm6tywAAAABJRU5ErkJggg==', ''),
(7, 'Ecole Supérieure de Technologie', 'Casablanca', 'ESTC', 'data:image/png;base64,iVBORw0KGgoAAAANSUhEUgAAAQMAAADCCAMAAAB6zFdcAAABU1BMVEX///8AAACHiIqIiIj19fWBgYGLjIzY2NmxsbKkpaV7fX+XmJmAgYOFhYiJiYmEhIQASYru7u7Hz9TFxcXn5+cAOmqDmKvb29t7e3vMzMwASoQAUIsARnpISEjt8vP5+fnn7vUATJEiW4sAOmNSUlIASYEAMVsAQIMAQ365ubkNS36pqalcXFwAJHC/v78xMTG81es/Pz8mJiYcHBxsbGwALl9iYmITExNCQkIAO3QzXoA2NjYAJ1AAP3UAUJUAMmuzwcsAPntTdZEAOFoAH14AKV0AMG8PSHWru8YDITMSMUkWP10ZSW0AFzB+i5QAI0EaRmcAABkpT2pObJB1j6rM2OFAXneTo69LdpqXudYAGkooXoybscQASpt9nroaT3kdY6B+or98kaIwaZhTa35ngJMAFkcAAD0AP4lgbXcAG0FHeKIAJE8AKWuJpb0AFEmQeGIaOkK8AAAXPklEQVR4nO1d+2PaRrbWWC+wEpCCFD0QFgTEeyHm6UcwOK5N7sY3zU3sJG3spk2b3W23zb3//0/3nJHAGIQBu7ulWX3bjdHMaB7fnDMz55OwGSZEiBAhQoQIESJEiBAhQoQIESJEiBAhQoQIESJEiBAhQoQIESJEiBAhQoQIEeJfCWVrK52G//CfrS1uMgOuR3DUObdD3kSxMW5oUDVHEE3uhnL/Njjb//XX56flD4Dh8PT58/82Rzkvvv765cvT0+GwXC4PXz7/nwSk1RKlEhYwS6Wa6N3/6rScTJYnYbuWZSVfn53PaVJqGSO0xH/9CJeAnnj75klvOBxqw2z2p7cPnFGGOLh4kz8a9nqHxV379dsBZHAt3uAjkCcZ/OY9WmrrebZXLEzgEG6AHyeH2pM3DwJbrMXZeIwFxFhjPThAvNt1Yf604czMneWLBRnG9Y13yfFszOOAZV+8oElbp5qcOZAnADUlk0krORxmv/0U1FqEF1gfa8RBumclLbd9MZuzp8GQ8mf+1SQH9wWatHU0TMow3hHKZXAEYOIgaRVdN/80wOGja8kB814+kHtawEJ2oZVhPgf+VRAHL4fWofthtBbAB2tkEJmDg3L+6Wyda8rBu8KlXM6nZzMGwEH2aJQxyUHc4yB9dJrt//aXa/gK8ZdC5vJSHrYHM3WuKQdPgYPhUYAdPDjJJIdjcgI42HqZ/fDd4MEEBvRqcPah35cPXO1ops515eDwMhPIQeLksuBm0/5VEAdfv0nP3oZwzt9ph+ANz6Yz1pSDPduV5d30bMYgb8mWNsrgNjc27lEO7m/4HCgNfX615lExU/h+OhU52PCw+WVwUL2p3nOtKMvT1X55HAg3Vnyx6+4OptK+OA7U+IKatfzbqaQvjgPnhuUA8YPW/jiV9MVxMAdb6QeDtw8/vvj4o6v9NJW3vhxk5nGQCebgfjAHzvnFd08hBtW03V5vN68VDgqnzvUi68xBLz2bsRIH6cHZu+yTnqZhkOG6brFoW5eZwoc/CwfWnTl48Frrt3u2e2glk6OIoShfXmbe/zk4eKetagf3pzg4f/qr1itaGC1C4GgVLfjhJsvlzJ/GDp72Vl0Ppjh4+2t26ML0wwqahDDcSrqubdu9bLZQKOxN1bmmHFA7mMvB2EAmOdiY5OBpdgg7S+YgAyzAOrDbP+7DovDh0atTYORsqs4lOHAeTMOcKfPg7cefXr3a+zQhfSH0ychtEos4+NSTLTsbEDMN+pbVC7SDyb3x7MRCMckdDrO2dvT8zcfB+fl5Ou1A5xzHma5zMQfn2X6/3263tePj9nGb4m+frxe5eN/v7/Y0W9PaJ+UJ6fL878d9D+12/+TkpN/W8MdJ/9vpqZjlIONmg+LGQb/o2tlRE3M4OOsXMpnLjDV8nn/54zfKzKBX5uBzW85kLLdoFYuoRoFXubv/nCyw9aafyYDRuSjaZQr/KI5JGBzLBzKkyvKwDJVkkskyGOjlpdybdslZDg6sYP2gL7t2/mYOBu0erIHJcq+99yy9oKHlOPioyRlot1A4yGQO0MHg8t0kBaeae3gAXmfDCItQpD+WAd+2YUXGfRk4KAJNKIq7cqHgDl8t6NbDNnAwlgkmMDiRi+UgDibOiae2JdvlYftRgB55Ow4+eRygVFuUYZMBc+hPyrPv2kBBsawNtbZm20m5qD0cZT371u2Vh8OhbeP8AwfwOTvs2R+O3izo1qB9KV9N9wTeHmaK5WH6Jg4Gmg2Gl30CDrv1+OHPizxhGQ4eIgeWvXt4sjvC8WCit7D8HMg9e/j088UP74awLlzJwQ/+vouHNDynuVhJOZvP57Oalv8lUOOegHgMHDwJ4OBjAagce1IgB3uwr2a0rweM853V++XmUHolDnoX6QlMZO8VZFyA33iatfPsTf7bwThzMHg8wE3h3EZ92x3+8GDg7RKLJkfRYAdsz6heKDTC8WCsDQedE8811ypktGfM1stjt7+IbMSyHOzO2Ti32uAjlnaaHqcMXiizxR4V4bBia+nZnDnYk92JsV41d3SYsX4dG1oQBxfHSSvzD7j151+0YtARYwbLctCfw8H5bjEpu9oiuoEDCzb8ZXrk4UKzk649szE8aydl+9tx8uS+8MLn4F3bgmU3jTZ5+tXn6QqCcFcOLvp2Mmlri/b7R3hqX4WDdHvoWr2ZIXwYJpPtK8KDOHgEvlD0Nm/nYqnHyEtzMOeh7UUfDqVu7/2CZh71VuSA+ZRPHhZ7U4bwrF1Mur9edeUaB/7zxiFsQlrASjIfd+XgcX9YhuEtMoRHNoQtK3GgHtkZuX99RUhnywfJyVVicj0YcVC23WJ74WF8Enf1hXQvW05mDpK7Zzcu9Y96Zbe8AgdwqP98bMlJbVL7S7/KujIuv+N4JYCDdBYP84llG0IszcE8qXLPLltwDLa07LMbWEBfWIUDVYLF7Rh2nP7eyAC3Lsq7Sbf4V51RIqNiQecD0TQDgrqbsPT54CPu7M8Ag+ub+4PfijJEKIVM4ST53dwxPupZK/mC0kpgyz3X1dqvPw8eP/7mn+6uZg+f4CsJ90qjYstrqjdh+XNir398fLwLMeD/Xvf9d207iUdFy+0daw/Twc2szIHxf2B4gw9w7Czbvfbubg/+09r5M1gko5tjSw/igFMwPp7FnTmAgMjqwYIL0YKrXd8E0h/asCwWUa0pa9n8w8DGbsEBkuBc/Gj3vzr57bffTgrF8t5b9IvI5uaNdnB/8+efW4bR4o2r14wQQmSeRrQ0B64LEU8Z4mM7O7URbj3N4+seLnAAof2TV0EvjK3uC7G4QStKDwbP4Lw9eHzu3Rw1Nm72BVgcX9wXhDgbYycRj/EtIXhRW5oDWU66PVcGQ+j/OF3k4kkeXxZzy2Al5expwDa6MgebL15sBi3uyua9+xu10VUgB/fwIi6wgsDGrgAXgmBEgxpbmoODZPIRfbmp/OM3M2W2Pg/bNpAgH1hJIGFW+1iZg09nZ5+COKCjvtkXNoSN2CQECjYejwmxQBKWjpkWnLych+81u4wavmtr381kr24HH1/cjwRkLOZgYyN2n49PgPcAdhFjY3wAsXc9J17BGZzmUcy2ysNpAf82a+LGRvxWHHDxmCFFpeg0JN4w+JjAG7MhxO/HAbDwtm8lYdUc/jpTeHUOYBVbjQM/dnYMPngcXEIy2FiclWZyfk8OGOYzHIldCCNnhLzbcMAHcaAs4oAx5r3IDDdLPBufzf99OWA+aGXbssszMe9tfOHerTjgbjwuVgxhltqlOXi8VN9fZ8EQbG2Wg6KVXI2DeLAdcEaMjY/NOehdnFrAXVeQ+HhsOm0JDrJ4AJoXN05hTyseHMi7M77wXkNufgdfoByMN7ggDm4OGR0+zk5rfctx4M7l4MG1PXNraEPoYGkzjvPetlfSUG7PgbNgsiL8zJq5jC/AyUg+mRM7v/rbq8FE2V0bH3IOg/ZGWV5BU709B4ugx2bew1yGAzd5kCn88HgCV2Pcy2bze5/P01v4QOO1BrGT5eZnlczvD+VMxl2NA9wbSzwe9T2whoAZt+LA4XQzEcFjQ9zgp1eMZTiw8BEbRq/jZyxXquYpvkeuaUP6xk8W35NPai9nQ8fvC3LmYEUOsK+mwQuCf+rjYxUc9YocKGopIrEQN/JQDfDJzm4Mizk406zMQSZTtq+gXT0yPaVPWt2e7YLDJ/F/9uwJCTjIZDIHq/lCbDNIDVrJF9SaxOLxMM56QQNSEIvfwg4+ZWFbo8+brzi4emR6duzCwOm7HviyR7msjb9cMIlHh0l5xTUxZtyRA1GCqcegmUZMoxAa9tzSVMHFHLz9tWfbw7IdbAfpf/Z3beCoCOdDJKq9F3iYQinQvvrewULcnQNVMCBMglmP4/eU4ugISEY8Lhmrc5B+eZrNHh31ilfQJt92fXwGK0G7B/+HBeGnOeHlWb6d1568WvwM2MedOSgZOGaWDpzFoBHDR1wUDLa1OgeMk57BVIHzZxdnnz49vBikg+6nSOPLMEtTcAMH/FIcRHD6UTIAQ0BRTYpWSgkftdXPSH8IbuCAXYKDqBEXwA9g9g0+GjHnR1Fe6fXkQIW98fa+UIJCAkTJvBEVl7C9NeVA5O/AARIIPsAalQUG4ONL5EDAFVDghWW/u/yn42DxmmjCliCwxs0x9CTWl4Nb7wsSiwLy9AZ4A9aYg+Cz8vV94d7s+4mcwUKIEfggYQ7WlQPY3ufEC7Dr32gHKpwIhdYqv8dgXTmAoQZ6NHDAshMcCDMc4Df52SDpYS6iYHRryEHJEGL8rApOnQRyRps+d0/Y2KQcCBus/4U2AY5H/HKboo815SCGT4XiAR2SeIwCRhYC64Fwz+cgPuKA5dkF3++bwlpyoPOGwEN80zKnTnlcpWXwcP7t+CRwhgEnIfggGJvGppcWN4yYsVJz68eBE5EipUqkVIqU8J8JHbNUiUIKzajAP5gkiiKNBlT44Nt/DfOXj84YjC74+D0P6/Sd738rxFKlUvEfSwa8YxsiRIgQIUKECBFiLbHgd3ssgLJSBLme4Pa373J7hFR+r578cWBXCwGnQVb7JsM6QpQ6PIYxitChSnmk1Ynir46Mo4UrUlSSvCBaNzow3zUUXThDYVRJktCFIkJVkhhOqkgVqERtqYwOt0gqU0HNQTU4aCAq4QtMJiRLVH8zoQR9pakUlaLUiCI0mCoxJSyDneKrELPSlktRhqlE4T4FpS1OarVoxXFPyau0WhINYDmh04lgg17XpJX8c4fUcw2TMQlpkAbD1UmuTpoqUyIYOEcIqe5TMymRRoeIDE/gc43UGIPs5EiL0QlJ5XKQQnKEJJgo3JUjzVy9xOynsIuQ1iLdLskxzDbZz9Vp3LxPml1S1xmVkP3UvkI7gdhhoLZUyoFWSIoIDEEfrW8zCsH7JcIxepNUc2TbgQvkx9kmuX3S1bF7MAwoH4EOGNCB7ZX8c7+LPDoEBsglmCrWbZIOk6CNRMhITe9AD6C3RgM+J2BkBpAhEFEFHmhKBe7KQdcSTK5JpwiYYYATk5ZsQXqqPmoShoWcOwq5+qVjMQLTzHm1maQKwxUdgjQClxzB3kW7yJ6OxBpQMRoSVgttV4GlLrCrlqDDUWhw1d9am+sqdGrpYDkknGFSxElgn0bJAMP7ZDQnOKgRUwG6aEoE+tGiHFQpqUwKa6r4HLDAaKoxph3nF4pyExygxTA+KQahG5UDhgHmkwN7AeuEqYYPtLVG0yvO+L3tMvHRohSBjghkVYUiBSRvQ4+oZqR7I+0QpUYTEmii1LXACpvgb0LX54CH5CpRFCxQgZQGvw82GYWxglOQus+BZwetFs6v1xAC7QAIlBy82bjGASAK9XocdKmH5GBmoixJ1Ag0Q0unfA58IwQTbREHf3VvFIiqoSeR1Uwh1Y0kROCASuUqYb1a1ZEvtEz/hUwn2iUSw444MKCdpgmkbScSHKTUUyTOUDfNkYqpj30B2Up1kcdUt2Z6Mtr+DuUg4pB6IuGfTahxc5BQ46AGSrvT7EYqUTANFTpH6h3imN6gd5qUbEinsniVgFNwwAEhdKM2oAOr7VXb1E19hjlqfkyjTj0cl5qJpwg6TAmPBNcoB1GRksZ7t0toPP564NXbYDw7kIijotGm9kcVUV8QiM6Rq125goPyPcughg6+gDRSX6hALd0m9KBK07c9O/A9t9HwpxA+eOvBSgRgG92EDnPRJBVOxIFEGScOHlEjrC4CB4biCakV0alBlyXCc+oOzJPhuwhJ6aJOOTDpegB20K1hhXGwdXAgDko6ME8ms9M1VW/S6w1VFYBthdRVdWwHlIN9Ee41SVPkSjD3/pqo4Hw0YBEFfyoxXItuQAIUbGFvW2C7CjqkSLr+vkA7sAI66D0lRkTnqzIcei3OrUkdXfQckkGDg41M8X4i6TGPA5W6LENX0H00xYRXogKnT69iMB0Hutei6wR1MG8nbDl0vSee748mFqHACGkjV/tCBU0S7EtNeZXjpg17hUPbQv8QG96nEnREwI9BD4/mQkmYOr5J4tQi1InESoSOzhQxGabFf80mEfHOSmakhAmc73GqaOrwEZ9SqCZ9k1nRTZG+mmJGIrhAc+gzYEyKCQ2N7vGeaqh6QvSVdq8+VddF/KBSwV/H23XVqx264nWjhKmOaSawoBiJ+KehRAVvcRIOdIB2PUSIECFChAgR4g+Bs/zriV8qlG7uP/4wFr2bFLsWoK8gmlWOKaF+yeVExuzQazij5xS1Wu3kIkykU61SxbVFUiKj5FQ1V21BGmdWU6kqPeObyEWCvq1YqVIlxswRfK1N6u7jJdfqUKWK5nkvxiodlantUCtKVKvVCkYCEtSa887+HNvdxsJilb74pRrdFP3jSCkq8EitqoGxdceLWLhWVaEDwei5ihmR+n4M6zaqC4VVFHsg2NWZbYzddIi0JKKYNOCqEkci9U41CnnbEO9xDiGxnIGihdqB0K3a4gyS6uRomN9C6UpAMQvDPhwtyQldEwJS3kDJIOIFcSlsxZcbTAgKeU/xipNUixboQoVepyGEbaUwjDSIH0wKVJDZR1UR+o250VFVEHBS3adKBVGUwapYYxy74SkuN6GJckkMOpZCRRdVNAni4XoDRQoUCijNO00Hx+dRA+2i7TQxpPX1AwaH73hiCbTaxE57UhhHI18GBcsGsg0BMyoBgsdBacQBCtVcE+64etBDx69zqCrhKExP24Jedend3Q6DUbXoJ283qEJXxRhfgW5W8B4F6m516wsVNToUtINUI4UCcZRygGPDLkokqlIBDAUQXaGagS9eNXOUg5LqsSCRhAquAlOUq+qoDEkkpdP54jlvvBHM3GnC2JwRByjOUw5ihF5HmWZDVGmKPlJaS6gTcihR0A0oSpwWof12ROiH4nGgkoSE1VfrSB2kjwbOoeC7aOeidoAc7KRU0lKpL+BzBYkxuphB1YwUqddJDDtAGqbPQSNH54/mM6gZU8BqATyhBI/KBiwPZpMSR6U0GPlOXSUpZ8YOWOJzWx+pNeZIYdvOwecEtXZ8LpFDwb9EBSVkhSNxbwbgE7CRg0HkHKin2xgx6Ou6N8BT76kd7MOPHExFFO272WEaLcyQcJ53iJCiXqjGCQ4GfaHrcRBVRnZQSSRy4AtRuKVFqRdTaJBOBf253kzUCFjTTp22MuaAvfIFBknabuqeajfiQCEtJUFdWjFo24Zjook09xWxQVTOs4NGXQSyHaaK2ngVOPBnBpyDcxY+aWigRBxHO6jjIxbfDhi+WUXyBTpy1O454j0caaHDUF+4vh7g8x+6HlCdyzdk0vDmIqKOrGQbmoO5DloPqIha95cPGLs3kxHvTrp7dIhI9TXS5XCS0P+8pUX0CplMbp9xGjiIlOcAnixHFny/gCW8WsL2UPAViL8eUCHRwQRJFxVmBxqFNVFkVb2BczFeD3hSET1BjO4L4JP4jMXh6oRhI0oEDLUj4iqBCwXM3ybTaVAHG3NgjDiomS1wAgd8zf+zhnApJlJqtaFwaGQRQ9H3CZNqcqjPlpjujm42iAJrbiWit4jpOAnYIoADdFiUdklNZCXUaBWRLHIGfESAO/I27mCo2FJfYLx+Uto7TA74UKBPeJWgIjcYEM4YFS6FsR3Atlqh20GCRPDWlIJbLhT31HIYQwtnN+c9p0cO/KdBuO50BYfufMRX8rFjnRrlW4GlAEuIXtP4VIUuHOZooukgt6H6bVp9hD56JN3S/r5nP4uOCKr3zEOhnRFHf2dF8YReXddF2J/om8oK44giPTxdlYd8ndoB/UuX8A/n3Sc6UC/9KJoK3eO8OjlPi/da1se/SMLRdf9ghBWOO6aPisKixFGJ1iuuK1AX1VpRf9VVbyuBprnRIFDEFWmfmcV/OSZEiBAhQoQIESJEiBAhQoQIESJEiBAhQoQIESJEiBAhQoQIESJEiBAhQoQIEeJu+H892xa25hLWzAAAAABJRU5ErkJggg==', ''),
(8, 'Faculté des Sciences et Techniques', 'Tanger', 'FSTF', 'data:image/png;base64,iVBORw0KGgoAAAANSUhEUgAAAW8AAACJCAMAAADUiEkNAAABRFBMVEX///8AfsTzyCcZR5NAZrAAQJEpU5lJc7hge69Wfb9Ser35+/3z9/vK1OcqX6w0ZbAKTqMAOY7Byt7s8fdSerkAO40AKYgRQ5EAd8EAfMcAL4oAIY4AJ4fe5O4AE4sAecsANo2sudMAGYwAO5cdWapoicEAAIcAKpE2WKK3w9rm6/OFmcDW3uoAIoajsc4AL5JyhLdEYqdfda+brdRzi7hDZaOOnsWZqMjyxQ4Ad81LbKeIt90dTpgvWJ1HaKQAJpAAAH2DmckARJz++u354pz99t2MoYv/zgAAdNLS5fKjyOX32n5ykcaKo8/77cH435D656/212/10VTazHWptpbEt1p7mpZOn9POu1LhxDVOjLBnpNRnlKG1sWqnrHQ7j8w0hrdulp641evZwD64tGOprXO0sWlZkKp6rtmGn4/10En778zT3ML1AAAZkUlEQVR4nO2d+3ubRrrHx8FI2IBsoIgYCxskxTYXI1kGkbBIqdWLt7tJmu7Z3W7atM0225Pd7v//+5kLdyEZ+8RJnPB98sQygmHmMy/vvHPDADRq1KhRo0aNGjVq1KjRxyuWfVd3krh3dacPWUE3Ylztlm/C8rZP94xbvsudkDEc7i4E37hFM9fsSKd3h0Pz9m5xdyRub223d4aD2W3R4Gx6Mdxpw9vwt3SHOyUDstja2moPBxPrNtIXqUUH32CnI95G+ndNrGY+6SDk7aFyCwZoq0OUdqf9VLyV6ryT4twOssGdwdtu0VhmsYNof9a4kqK4p8PN7a32wn2rqbKTxebW9s5OE5gsSxxCE28v3mqrOV7AJIefNY6kStYOBu68vRSnGPeTt5fgxyUJOfGd2VsLxPnBZoN7nSTkUoYXbyk17qTT4F4vZ3dna3v3LXXug93trZ3P3tnozJ2Uuws9yoN1Z3zx1bMvv4X68tlXX6xNittF3uS2B2buutqd7a3hqnjii+ff3XuY073vnq1m7u5ubQ/PbyeXH494GDB3qik9+w4hLgge+O7ZipRmO1ubndvL6MciaODbmxXHn98rsc6Yf1tl5M5ie3v4dntPH6UM6MGXve5K2pj4vS+X03GHW+1d6V3k+G6LW+xsdUqdzK/+soY2Jv6Xr8rpjHeuaHgbEbU7W5tPC0eeX0EbEy+b+GZ7q9O4kxq6GG63C52Ub2vgRiZeSIUdQvfdDArWEHTg2zlH8MVVviThffk/+elgdtgE3/UkFnhzf72sRfve3/5++H0OOObdzMfXEF/g/f3hP66G/fDFDxuP9jb2csAR707Du4YKvH+8v/fyKgO//OkNhI10/5c0lYZ3XeV5/+k+pPjiCuv+OaaNgP8hSaXhXVc53t8g3Ht763m/ONzIdP/XOJWGd13leP+CDffw63URysOf8rw3fonHXxveWDVmEjPe2JsgC79cB/zNXp534lFuwNu7xulS7dA+TvXaM9ZW+Q4MqJGQmR/ul9yoxmxwyptNGO69+mkl8IdfF8wbnkzGTJZ4i4zjr4XkqmH9uQmmLr+ApCrOaicdKyyhClQGJWTO0yOSzzOlHrSkZEV2xoKg1jChlPcf7qcMH61uM/eKuBMDL/OWVOFUENbd3qNp6urcxXk8XTVUYLFs4RkOFVqBvQj6urz501KNwoRgGpweZkf0rn5aXDLmCckInTnTZT0K6twp4Z2DePjzqsHYf5Z5b2zgW3Jl+3YYjeHBGguWaLr20gC+u6IkbNRi9Px3vCBAJJYa1U06vUOpRkVBgI+npvrpEckTgykomJCnk8rmI10WmHrL9xDvz+DPX+/nIcIeZHmyAekfj5ZwEwOXdqv897TSo1hn6DCr2Gvz5fBcanJad1r8MojdNE8rPiLF+fw4QJVrqR78n5PpWmXPpKlB+QBOSC09KE4h04GKhzAkVY6mdRfdJLy/z1vu3svfXvz1txLwF68vv142740NfMsq3lKvssp9oYssu+WtyxZHCa3UuDi1WDfOqR77VY4H6B6Mquo95IElAaXKUnrN0qdZ1Uu1L5Fbqq3iI+oXMu3igoCpvrYoRcW8rYJ5b+wdPjp89KYA/MUf//jXNxW8738DVvA21Mr22pnhovjjddmSGMHuJgbOCaUCBXpxbEzyTBcnylI4rpip9Qqfio3vYDnFAzRVKJTWYvK/mj38AENfX3r+1ijm/af7yyQP3+T79i8ebbx6VWHe2KEs85ZsQZcTYK4y88zSE8fgrFtG8gyUfb0EpORwTLFKdsm2ZviZCPORgmvnM8bl1+1mXyj4Dr6qy7FjaU1wcnLuWmPWo7L2E4onDzBDU7Jfd24r5v1jlad4lA8MH76qOgUKjaIs8eaobsug4rxrKq3Qghwx0wDbpYvMwg6RXeqCHpLrmIxDLu88sde02eKJJWnx4++rik4aCZ7cK2zhtNQsCU8VcpAsSteTGtZaevoAztA5mkBRlE7qNsS3nOhZQuOeMPVif45LADTsw4DTEuTarT/hza5A+fofl0m7eVnlTLCBsxW87RksFRVT8fwwEmiKUmjMwTtFaAMfmAI9hzXh40i3m3nQSZbODIcAhCLK7SnGKqmTOGHDF/B14j4JMMYKPt5NK4/vzmg1a7dbtEwJBI2k6EoaQGO8gUoh4SeNwSGOl1WcI8AW2SYxrLdvkWzEDzBvUjJdr8UkvKUKd4Jdyt7L/3yNab/+1wrc2IGXeXNKNLHdxA1ARqxlKzJNwlk/QiUyQvsUPumWT2MrcwQludjIxWY2LhKTxBtGFxuno2Iz10IUEmLebpcwtWX0/7SbWptnw3YkrUoxAKKiRBiN7ZstPfF42HAdE9JWyNNg41vaWcUx9NxzQxoXckLyw8lpVCMxesHVXMH7mxW80fjV4auHl69fPjpcdQYatCrztpAHiVpZNMUFtMJzFrYW6gyj0yPS6Pk6hhP0ElPy8t4aN65e0v7FERhPmtIA2pQZOXkwBvbcbsa7FZrOLNdLDIKgpeB+isIDS0ga7Sl5gqbQFZOKc7skU2nDPBNoWp8L+PdZXLAo105O1VounPCuai4z5C9fPVpl3Ij3nyr8Ce9Fp44nzxiima6GUfILDJrx/5Mx+Y7CPyZq0mKOBTpkEuEiTYX4QEuJ0A+fVvCVCi0LUf4LZo4fePM0LbsvC2rqjoCmQ09L4QqXaGHGRFF8mzN6Dv8TaIWiSDb9Fqm+NCFp6ndtUaeyEjAMpTCZ9Gvw/sM63tDG131byRtlEOZWoWPBMCKKPwowu/CHQsVfKhT5mbaJZnYZvBCZm6GTI3LYwh9mc4VcqcSpyIxCziDenM/6O9qcZrT0OfMFXRdk0iX1MXo6SRilR+u+kCSETVdMawqJg/G9kpUA/czJB3VUh/d6reINZUctrNkYUnNn+HM0B2F8uCAq89qmnx3GqDifXEFpAfpAmXwphciaxmdgb8Dn42EOhImD0rquo/HmlHQL7flZRJHrFQslPBuL6b0V7JH48kCCSEowxzcNgZ/lg6ozelKf994h/Fdp6Gt4V2nVmMr60cKlb1ecTg5zhW+9tONknhbzyCpXdFS45duwFZ+uoZq8D/957/LeizdfV/R4avE2rqh9ttZiCs8Krr2pk2WycVKnNMA3V2+ynUazWe/Ge5RqtJcI9w8oCn/405sb2rejXhEujbv22u+xPFXVywOn6wS7tJKbuGKsXr7anZlcz+cWxUa6Kqg3BX4V771DqEdvSJf+8Kb+hPN6ay3JaqmTdd8TOWFg14ty47JNZF2n8zUdkd6/ZFgS7wmKfqPdYmbL9G+8dm9N/I289d7Lv/3282//IgMpryvjlKr4e1lX2UNwK7OflsGEeTRMzN701a5A6+9ho+jK/uXeq3++fHW4cUm2NhD7ruZd0b/8UGWfJZ801/Pe4l7I2lo5fnL44vLy8qficqtKj1M5fvKBKphffc7tatX44N4PyIcUpxweVo3HVo8PfqAy3vtW81Xj33sVy1AuK6YvV41/f5ji3/t+xer5nY2NRxULNx/+7x+r3Tfg7gjv9y/EexuU5i+RlnGjCKViEBylclfs+/0r4f1raQLzTeU62csfqhegIN47xWfVybpyPB7UEEkXUrTI75yZjKexeKrNSSYF+DhsYPEFjoiURZOam3QxJSPIrW+STK6QPEkq67Va8VSO45K5mfgky4jvIJJUcS7SrGhikm6cW5acmtwWJuIUDlythHcpQlmxBOXh35d443xU8B4P0o9nOAo7nqJh2tFRACZo0FQ7SipEOkIsJsmakZN4dIk7Rp1Bex/qKI2hvYPRoL9AGN3+48X+cVqp/BE8yI9H8NTJSZLwcfIJnn6EuLH+wWBw4MOPJzASt9yz/ghM9gf7+6PjAQuc6eIIdbvG+DItoA5OgHiE68w5wnUg9Y9hdg6S6p/swgwdj/aP6vc2E96lIZRHryv9ycN/ldez/QhW8PYW6ccQ9zIGATcYhS7MGoPKYx2kvPtmWkios3gOgBsg3tMRYLN3JgZ9SF6LaJjvA48F0uQ4KSl/oElx8ilvdzRKDdzoo0QmI3hTfgShnk2AfbzweLRF74wF08c8ODk+meJna4zsY3Ic2fA3sU9492PeRv4VjrAgLAj2r/NOx5R30cD3Viy7f1jq0t+3VvLeLfOewjLghTr1eLMJ70zsAtu+c2CCECfPPU5ebwF5s5PHOPmU94k/SIdOjD78TzvAD4oLGULe5mCBs8DvT50+PNE+PiPVg3kHoxMEv8zbdKKsnLggbr8G5lQp70JIuHKbw8PffigsAI/Xx5Z5W4ExXxhu7AcneGwEld0coHdmLfO2XOOMij0r4S26wYAxXK7AW4M14zIcOPbAwAbiRItdFeGdJJ/whowmxKlxrjseua5pQni2B6x9A/EGHLOPX1I3PaZwP8g5eWzDBsLwT1zXAZq/P+bKvPcDc59PJ3JwQYIb8o7Xf69z3wj4ZWFRG1vNWzweQI0CMF2cGGB+PIK/7CNbs5QjJ+MtMQvfgbzF9PyU93iEjjy2Et7iycKDUHmwD13KYsxC537S98A4Atp8wUiEN7BomHzCG3o08wBjsnBi6sToc9rRgSONXMwbtQ54PoN6HPud8CDIZYXpj8u8R8ePB0ceNOpoN8jzlsaoJNfjnRu0qoq+U+I/ZxtKvgHVvEHsT6b703GfFw0jmhsGzI8xKtj32cI9G7GxP0kstdKfOPtMcHxhIfseJ/bNM9i+B2euckJ4GyP0Qq6EN2ygWTWZEMb+BNn31E7tW5r0J8hW3WMaezxo39j/eDgr2tk+bCLK9u2afUeCCXk29E0Zbx+WpM5y5DzvzKPsvVmNGwJPxq3u/ztJZVV7iUqFfSiGyPrHHjop5s1zxzAaO+Cvai8BRsICL4r9N5/z37Zz4ADjWEL+23+Mk495myiM8I7ZhDeL7omfoMR/q+QNjM7+lO8H6FyftEbr/fcJSzIL46jUf3PHLmwc6uwKyPMG/062OKzfNHX5Hwx87/s0lVW8YdE1HNZhiDCA8AMrbta1Ps+OLiAVjasRnxh9B/hnIDhwYdi2u4vjEw5I4bGlHRjAHrEoPhFGfi4+wUt4nAMjxxswKD4Rk/hktPBg5MzuniHHwoOz0YmdxSfMiLrgV8Un9kBiB+MsPmEHHixJHYdS4B278BWdnUwv0GqUvY3s+VkVf/P7g+MFOu2EQOS9AYq/UUz9uC+CaX/Rn9SIvw9sED0eoGqB4e7gYBeZodvfH/RHPPKyCxhd4Pjb8VSUPAmfcapgEbupOP4OD0ajg3kcf0sGjr9xTHkCvQGMuHPxt+WerIi/jxxLHY2OtSz+5oKDxX6NGZMyb/YXZOGH5aXISx7l9d827v+S38+wqn9puaQPyKd1z1tJj05CvT2xVv/SgSeRt2hradQjmS7p14noSNK/5JP+pUVunHRz0/6l4ZKZdz5OBJgO+YB9iVboX1p8df9SApxhSIX+JS7JtXkD9sf7aOh7PW5MPI+7inejSpV4Ix9Ohr6v4P1dIZWGd10t8Qa/rg6+M9yl9580vOtqmTf45rur3Pfv5ff7NLzrqoL3le+ver6USsO7rip5A/Dlyvez/V7xtrBl3jAk5Sq7WyyVDiGx2eppenlekc3+vol1/ZrkljLgdgup1FjPJeZXXy0neDOt4A3As79UvX/w9+r3Dy7xDhR/PqtaoMuqKe9ss5fVXeIdRJEaR1isco39X0Sm70etuZ/nE/QKm6/7V6/YMXNrlCoSvJlW8gbgi2d//r3wfs0/P196L1usZd6rVkNj3hbKt5OVWFriLXYBayWl46+zeCw2XJYq72kr2rd59TMjFtaE3aDWq7SGN9IX/33+7Z+hvnz+31WskVbxlgzUwYY9EoPjYC8BdiQQb0NFnYO0h6C5AVrppLmoS2K5+Ao33nPjuLCbg3pAkmFwaILMwt0dDR2GyeIRDpd0ZSz005kxIumZYN7kHrCvJELenAnvIomsCFNiUR3Ce5kasGBvBd2BdGHYpD/FuzbyJ3ySSw7zdowsDSC5Bm+w5MZAlMy6/fl2jfPWa5m3YMLOlzUOlDM0kmGMJf5ABIyCeU/VAJZf4Mm+GrMXBKoBxFOxFQJNN/AYhqT0WrBkruDaJqDH0OO4jMyCluJNTjVg6K5tACY0YRc/8A2yxr5rznzgCIzIpbwDmu/aQJI914P3Y+zeFN5mPhVCIB0EaJ7B7U6B27cADY/ogQeNpGUH+FmzYUYgbzsS4zWemLdp26cBTCOcyjCvPdc7dWEy4mwOuP3W+hc03DZve4q2SUnhLF4F7PREMG5h3mJPA2w0scIuQgMpIf89n2neviX2bOIQ2GAGC0q2C0ceLL7j9g0wYwDf4wHedqN1p5rggwlF/nZT2NLszx1Ax+tsEW9WYSxfBcEpOiHoAgCP8dBJMDMg9Vy0C4sTAtiQWiBi4Pe80Q/A6QRTQ1uaoT9hhbHm6xlvIKG95cjRwHIFOmvBok0oy+477Ko9/u+IN/Yn0Mr9GTDx3jHE20t4OzAkCQ0To1UmEB1EOTPQAxm00lcHMD7ZyI14e7RrwlRi3j1UdF71DOg7JE/AW/FaLXQ9m+ctyfgeXpfwZglvPuENsyZh3hLibeuBwUPPMu+isXALVrbZ0yyBMeLFAZh3ODfVlLfZ4/m+BvwI37j3nnmjXPoUKpuDX6eBNuMyhDfeBx350ESRfZ9FLOIdKtATShJLNh6LED1jAxnt+EO80Q4/Tkt4o+kB1kKV4cD2UcLPD6NA9hJLexlvFk2TOdC+NTRsusSb0Tls3z0LUAz8waNV/xYweoiuzuD4BGXAYRPeFjTuzL6BFzJofFLn0I3fL+8p3hFqn/rjU2icPT/UOEoIfQVwfRtWgMrA6FYlLwzhdZ3RXeh5u5HNul3mDF/ZV/Ux2gXbmpnIfXCzU4qBXEIgfs7D6KU1M2DqMvzSb4UYsUN3KY8Drd4MN1scvhzfg5vpZ7DGPmcBPIYun1PA+jwAGq3OafhDVZgoBKx/qkw06zT0cfPrnirMqQOMrh6R541Db4yYqcyZLqI0oClZtIlWxmh0N/I47vN6e+hviXcsLt4Aj5swKX84/7uU/5EcjTs55ZPyv5Fk016IlEu7eJW0IvjjWAE3MiB3VroKiau6bz51iz49VdGGweu8F/p2eX/oQv775hcHkpTt0q2pT5y3Wv9NGkuyKUvzrltfVbxZy+FNA4rntXo92LvKm7P/Hy911jzfu/bl/KLdzv9BAZa3Jy1a0GUkQZCpuefyV0K3drfbnTvI+92L5Tg2xcmKDI33kOeE9qjLfuBctR/13f1h5I9FXNCSi6wz6LLc8t7/5oA7KI1fMfLLBlFGW6Fp7FBkmlaU1M5ndm3kzdp7IlHXhfK7JJEkdyanXOUoHNuBi2R7kxkFsSvkK6G19B6qCjmB2/AmciFVRfCLo7+s6FGxbdM65Zla0Yolx/BmOnohEjpBoOe2uXp2RBLtVqv5Sw6JRB0bqqCMDQf1p1iLDyZKzFKRlZUBjmR6kSArSQtKhbbBW/lYn5U00fVmQi9673vuPiSNBeI2oNdQWq1ZBFvCxGvLs/VugOWnPh27Fux2aGU2DxkPignnLXRE1mdu06rmxTJCIfBIP8lRHVKaafupP4eXK+R1OAr+IFPMNXYOfSoKqoI+WbZrDwRIvOvNozh8Ia8jQmqNjeYPelXJmeilLo1A28UWkNV44/zpBdTTc1d0KjjCPr9oBFPkTDw7CExeayx7pXjcjVSwO5AFOiyGK875Vmc47GQadtpPzp0mxLuR4mFl0wtnVBT5zFQsWK923u50NpcFDz5wm78gdX2x6aw9K0llm3WeVMJOmUPkNd1GxZu2PlFZK+Nj62LYIVwh9fbWgwcPttrtHfxbinzYvljT28GSeOPis832+3ibywcp7aIyjpDOMVdEFHZlUvPkLPH8oj0cdjIrH24+ORerRsZh78l9gs6FJzd/LjCV1j5fetq1C0x72D6vtF6Jf9oedvKuZQifgItzwxR5JBOGM0+2YWUl53S2br8cd0bc1mYeK6sZDwjtB2sGAFn+fLvk3XMRTKf4VWericXzOh8Ot58avANN072II5Lhg6tcLussIa9uWHeWH6BPXM4D6GbJP9JGDrcKDpflLE3TrKUIBmjug8565sPNpzd+/eRHLBj7EdY7EHr7aeZfJNFmZpROJEf+0gQmx6MeUXWYPuw8qLHU99MU5PYEBn0w2Mjs0XJD0vcsTGAqvm2WFr445tMH7c1OsR+6/fTqueVGmXhPqZ7CRIN/E7fsJlhJQ5EJlmtWjrM04qxVJugwMp0Rjl88npk6rAqm/hBg41SIrEimmKpAxPES2mjmQJnN8UyCx4QtOR3wVmR6EtRaxr/0LHyqmgrQdPUycc6c68mkmuBPi1OY0FfboRIvTFFknfKMdctRJNGr+bL3T0FmPIPpB0nTJvEBowjxfLEwXzEKyIm2L5cmMMt9etifNzxf7978deQfocLEjmGox0wmDJofi300Ta9fEKe5TARPVrB7RxOYLZ/x7ClaOBHYHuO34MOhy+/lvcMfriRfzppErLQ9ZK4e4Ob4IIzyE5jZyiAa1UFkN4PkJbGeXhHzKXqt/VVInGN4cwqt5oxnipUYe+Q188VVEltCiTj029f8SxTQV5vIiYQ+VIgmMWvtP/w0xRqzrBMJnW7Lbljdrlje9vGaBqUVTptO+DsRp6EhwMbjNmrUqFGjRo0aNWrUqFGjRo0aJfo/PBtURaWxi94AAAAASUVORK5CYII=', 'Faculté haut de gamme'),
(9, 'École Nationale Supérieure d\'Informatique et d\'Analyse des Systèmes', 'Rabat', 'ENSIAS', 'data:image/jpeg;base64,/9j/4AAQSkZJRgABAQAAAQABAAD/2wCEAAkGBw0NDQ0NDQ0NDQ0NDQ0NDQ0NDQ8NDQ0NFhEWFhURExMkHigsGBslIBYXLTQtJSkrLi4uFx8zOT8sPyguLisBCgoKDg0OGxAQGy8jICYtLTc3NS0vMC0tKzcwLS4tMi01NS0uLS0tLS0tLS0yLS0tLS0rLS0tLS0tLS0tLS8tLf/AABEIAKABOgMBEQACEQEDEQH/xAAbAAEAAgIDAAAAAAAAAAAAAAAAAQUEBgIDB//EADkQAAICAQEFBQQJAgcAAAAAAAABAgMEEQUSEyExBhRBUWEiVIHRFSMyQnGRk5SxUqEzQ2JygsHT/8QAGgEBAAIDAQAAAAAAAAAAAAAAAAMEAQIFBv/EADMRAQACAQIEAwcDAwUBAAAAAAABAgMEERITITFBUZEFFFJhgbHRInHBMqHwQnKS4fEV/9oADAMBAAIRAxEAPwD3EAAAAAAAAAAAAAACAJAgABIAAAAAAAAAAAAAAAAAAAAAAAAAAAAAAAAAAAAAAAAAAAAAAAAAAAAAAAAAAAAAAAAAAAAAAAAAAAAAAAAAAAAAAAAAAAAAAAAAAAAAAAAAAAAAAAAAAAAAAAAAAAAAAAAAAAAAAAAAAAAAAAAAAAAAAAAAAAAAAAAAAAAAAAAAAAAAAAAAAAAAAAAAAAAAAAAAAAAAAAAAAAAAAAAAAAAAAAAAAAAAAAAAAAAAAAAAAAAAAAAAAAAAAAAAAAAAAAAAAAAAAAAAAAAAAAAAAAAAAAIYGudsdtyxKVCmWmRdqq3onw4r7U9P7L1foQZ8vLj5uh7O0cai8zf+mO/4WHZ7asc3HhcuUvsWw/otX2l+HivRo3xX46xKvq9PODLNJ+nzhaEiuAAAAAAAAAAAAAAAAAAAAAAAAAAAAAAAAAAAAAAAAAA6cu+FVc7JyUYVxcpyfhFLVmJmIjeW1aze0Vr3l5bk5M83JsyZprfelcX/AJdS+zH5+rZycmSb23etxYq6bFGKPr85ZXZ3aXccv23pRe1C3yjL7tnwb5+j9CTBk4LbT2Qa7Te8Yd4j9Uf5s9MgzpvLuQAAAAAAAAAAAAAAAAAAAAAAAAAAAAAAAAAAAAAAAAQ2BonbnavEmsGt+zFxnkNeMusa/wCG/wDiUtVl/wBEO77J03DHPt9PywNm4vQq1quZsjo2ni9eRi0JMGRtPYfa/GpeNa9bsdJJvrZT0jL1a6P4eZf02XjrtPeHF9p6XlX5le1v7T5NoRZcxIAAAAAAAAAAAAAAAAAAAAAAAAAAAAAAAAAAAAABAFX2h2qsPHnb1m/Ypg/v2vovw8X6JkeTJFK7rGk086jLFPDx/Z53g0ynJzm3Kc5OU5PrKTerZyt5tO8vUZLRWsVjpDadm4vQs0q5ObJ1dG08XryNb1SYMjX4XWYmRXkVr2q5auPhOD+1B/iv+iKl5pbeHRvjrqMc47eP3enYGXXfVC6t6wsipRfjp5P1OrW0WjeHk8mO2O81t3hkmzQAAAAAAAAAAAAAAAAAAAAAAAAAAAAAAAAAAAAAcXJAeadoNpd+ytYvWinWunyk9fas+OnL0S8zl58nHb5Q9RodP7vh3n+q3X8Qzdm4vTkYpVFnyNowq4xXMuUiIcnLaZno6c+lSTa5mt67t8N5ju1baeL15FS9XXw5JZPYnanAueHY/q7ZOVLf3bfGHx/lepPpcu08Eq/tXTRevOrHWO/5b6i+4CQAAAAAAAAAAAAAAAAAAAAAAACAJAAAAAAAAAAAGq9t9r8KpY1T0tyE1JrrCnpJ/i+i+PkV9Tl4a7R3l1PZel5l+ZaP01/vP/TV9n46ilryRz6w7Oe8yuqcuMOn5ksW2UbYps7PpL1NuNr7v8j6S9RzD3d0X5EJrn18zW0xKStJqo9oUaPei2mmpRlHqpJ6pohnp2X8VonpLf8AsztdZmNGb5Ww+ruS5aWJdUvJ9fj6HUw5OZXd5rW6bkZZr4eC4JVQAAAAAAAAAAAAAAAAAAAAAAAQBIAAAAAAAAAB05N/DhObjKW5GUt2EXKctF0S8WYmdurNY3mIeX5dedfdZkWYeU52S104FjUI/diuXRI5l65L24piXrMNtPixxji8dPm48DN90yv0LPkacvJ5T6NuZp/jj1OBm+6ZX7ez5Dl5PKTmaf449YOBm+6ZX7ez5Dl5PKWeZp/jj1g4Gb7plft7PkOXk8pY5mn+OPWDgZvumV+hZ8hy8nlJzNP8cepwM33TK/Qs+Q5eTyk5mn+OPVndnp5mLlRs7plKqzSu6Pd7dN3XlLp1i/7akuCL0v26KuvjBmwzEXrvHWOr0iJ0nmnIAAAAAAAAAAAAAAAAAAAAEASAAAAAAAAAAAMDaGdKmUUu7JSWut+TwG346Ldevh+ZiZiO7atLW7RuxVteTaS7i22kktoatt+CXDMcUeEszivEdaz6O63NyIbqnXiwcnuxUsyUXJ+S+r5sz0axWZ7OcsjKSbdGOkk228uaSXm3wjLGyIZWTKKlGnGlFpNSWXJprzT4QJjbpLE+nfb4e9s/f103PpBb2vlpwzXjrvtul93y8PFwzt+zMeTlJaujHSS1b73LTTz/AMI2RbIqysmcVKFONKMlrGUcuUk15p8IExMTtLjLOyFKMHXiqck3GDzJKUl5pcPn0Mb9dmYrO2/g58bL93o/dT/8jLVh2bc3J8OcsCE9dNyW0FGWvlpwzSb1idt01cGW1eKKzt+y0w7rJpuyNcf6eHa7Yyjp113Ubou3dkAAAAAAAAAAAAAAAAAACAJAAAAAAAAAAAADTO2NLs2jsyKxqsturO0oulGNcuVfNtp9Ctl65K9N+7saC0V0uWZtNetesfVmbH2PW5uWRsfBxdzcnVOt13Sc09fCK3dNEb0p161iFbUam221M1rb9994/l0dtcOvIyNk0WJuFuTdCWj0kvqW00/Bppfka5o3tWJ803s7JbFizXr3iI+7h9IXUVZOzs6W9b3XIeJktaRzKlW+T8rF4rx6ibzG9LeXRjk0yWrqMPbeN4+Hr9p8GRg4UsnYOPj12cGVuBTBT56R9mPJ+j6fEzSJtij9muXLGLX2vNd9rT0YC2TkQqVVmxNlXVqKjpTcouWnkpQ5fma8E7bTWE86nHxcVc94n5x+J/hbbGy6Ltmz7vVKiuqu+h0yerqnBNSjrq9SSsxNJ2VM2K+PVRF53mZid/PfxOyFsa9j4M5SUYxw4SlJ9FFR1bGGdscT8j2jWZ1uSsd+Kfu0y/amJkrI2hLLqq2groWYFct7Wqmpvcqly5b6ctf9yK03rb9W/XwdqmnzYuHBFJnHttbt1me8/Tw/Zv8AiZkc/BVtM+Gr6ZJSWm9VNrR/GL/gt0tx03jxefy4p0+fgvG+0+v/AK1rC2HlY1MaJbK2VlwjHdlard2y7/XJSrfN+PMgjHMRtwxLo5dXiyXm8Zb1mfDbpHy6T/C77IZFDruopxXhyxbpV3Y+8pqFjSlrGSfNPUlxWiY2jpsp66mSLRe9uLijeJbASqQAAAAAAAAAAAAAAAAAQBIEAAJAAAAAAAAAUHaHYryrabFCe9TGxQsrzJ4k47+m8uUHr9leJHfHFp3la0+rvgia1iJie+8b9ldHs3emnrl8mno9s5DXJ+K4ZrGGInfefVLb2heYmOCn/GFnmYeRfZjW2Y1W/i2Ssq0zZJbzjuvVcLnyZJNYnaZ8FXHmvjrale1u/wB0bXwLc2p034dEo6qUWsycZwkukovh8mLUi0bSzgz3wX46T1cfo2x4kcKeHTPHjXCrcnmTbcI6aavh9eSHBHDwk6jJzedE/q33V67NXqO5GWXGvpw1ti7dS8teFrp8SOMMdt59Vn/6FpneaV3/ANv+Qs8TBtox+7U4dFdO5KG6syevtdW26+bevVkkViI4Y7Kt8975Obad5Y89kWvCjs/u8FjxrjVos6Sm6017LlwvHQcEcPD4JPe8nPnP04pndY196jFRjiY6jFKKSypaJJaJf4RmIiFebTMzMywsbZltUcmuOJU6sqyyy2qWbJ1701pPdXC5JmIpEbpb6jJea2nvXt9FfX2ZtrW7T3mivwqq2vcq4rySdb0RHyo8Jn1WZ9o3tO961mfOaxuvOz2zI4lUoRpjTvTc5NXyyJ2yaWs5zaTb+RJWkVjaFbPnvmtxXn8QtTZCAAAAAAAAAAAAAAAAAAAAAgCQAAAAAAAAAAAAAAAAAAAAAAAAAAAAAAAAAAAAAAAAAAAAAAAAAAAAAAAAAAAAAAAAAAAAAAAAAAAAAAAAAAAAAAAAAAAIAkAAAAAAAAAAAAAAAAAAAAAAAAAAAAAAAAAAAAAAAAAAAAAgCQAAAAAAAAAAAAAAAAAAAAAAAAAAAAAAAAAAAAAAAA//2Q==', 'L’École Nationale Supérieure d’Informatique et d’Analyse des Systèmes est l\'une des grandes écoles d\'ingénieurs marocaines rattachée à l\'université Mohammed V de Rabat. Fondée en 1992, elle est spécialisée en informatique.');

-- --------------------------------------------------------

--
-- Structure de la table `ecolematiere`
--

CREATE TABLE `ecolematiere` (
  `id_ecole` int(11) NOT NULL,
  `id_matiere` int(11) NOT NULL
) ENGINE=InnoDB DEFAULT CHARSET=utf8 COLLATE=utf8_general_ci;

--
-- Déchargement des données de la table `ecolematiere`
--

INSERT INTO `ecolematiere` (`id_ecole`, `id_matiere`) VALUES
(1, 2),
(1, 3),
(2, 1),
(2, 2),
(2, 3),
(1, 4),
(1, 5),
(3, 1),
(3, 3),
(4, 4),
(4, 5),
(5, 1),
(6, 3),
(7, 1),
(7, 2),
(8, 4),
(1, 1),
(9, 1),
(9, 2);

-- --------------------------------------------------------

--
-- Structure de la table `historique`
--

CREATE TABLE `historique` (
  `id_action` int(11) NOT NULL,
  `id_user` int(11) NOT NULL,
  `action_type` varchar(255) NOT NULL,
  `affected_table` varchar(100) NOT NULL,
  `updated_fields` varchar(100) NOT NULL,
  `created_at` datetime NOT NULL
) ENGINE=MyISAM DEFAULT CHARSET=latin1 COLLATE=latin1_swedish_ci;

--
-- Déchargement des données de la table `historique`
--

INSERT INTO `historique` (`id_action`, `id_user`, `action_type`, `affected_table`, `updated_fields`, `created_at`) VALUES
(1, 1, 'update', 'users', 'nom: Elbk, prenom: Soufiane, email: soufian.mks03@gmail.com', '2023-12-28 23:34:42'),
(2, 17, 'delete', 'users', 'ALL', '2023-12-28 23:54:11'),
(3, 19, 'delete', 'users', 'ALL', '2023-12-28 23:58:10'),
(4, 20, 'delete', 'users', 'ALL', '2023-12-29 00:00:38'),
(5, 18, 'delete', 'users', 'ALL', '2023-12-29 00:01:26'),
(6, 25, 'ajout', 'users', 'ALL', '2023-12-29 02:03:00'),
(7, 21, 'update', 'users', 'nom: MERRY, prenom: Meryem, email: meryem@gmail.com', '2023-12-29 02:05:45'),
(8, 21, 'delete', 'users', 'ALL', '2023-12-29 02:06:14'),
(9, 1, 'delete', 'users', 'ALL', '2023-12-29 03:44:31'),
(10, 22, 'update', 'users', 'nom: elbk, prenom: sfn, email: tv@tv.com', '2023-12-29 03:46:15'),
(11, 22, 'update', 'users', 'nom: elbk, prenom: sf, email: tv@tv.com', '2023-12-29 03:49:05'),
(12, 26, 'ajout', 'users', 'ALL', '2023-12-29 10:50:50'),
(13, 27, 'ajout', 'users', 'ALL', '2024-01-01 15:25:59'),
(14, 1, 'ajout', 'users', 'ALL', '2024-01-01 15:27:09'),
(15, 2, 'ajout', 'users', 'ALL', '2024-01-01 15:28:40'),
(16, 3, 'ajout', 'users', 'ALL', '2024-01-01 15:28:40'),
(17, 4, 'ajout', 'users', 'ALL', '2024-01-01 15:28:40'),
(18, 5, 'ajout', 'users', 'ALL', '2024-01-01 15:28:40'),
(19, 6, 'ajout', 'users', 'ALL', '2024-01-01 15:28:40'),
(20, 7, 'ajout', 'users', 'ALL', '2024-01-01 15:28:40'),
(21, 8, 'ajout', 'users', 'ALL', '2024-01-01 15:28:40'),
(22, 9, 'ajout', 'users', 'ALL', '2024-01-01 15:28:40'),
(23, 25, 'ajout', 'concours', 'all', '2024-01-01 20:54:24'),
(24, 2, 'Update', 'concours', 'all', '2024-01-01 20:59:46'),
(25, 2, 'Delete', 'concours', 'all', '2024-01-01 21:00:02'),
(26, 1, 'ajout', 'concours', 'all', '2024-01-03 03:39:38'),
(27, 1, 'ajout', 'concours', 'all', '2024-01-03 03:40:52'),
(28, 1, 'Delete', 'concours', 'all', '2024-01-03 03:41:12'),
(29, 1, 'ajout', 'concours', 'all', '2024-01-03 23:29:48');

-- --------------------------------------------------------

--
-- Structure de la table `matiere`
--

CREATE TABLE `matiere` (
  `id_matiere` int(11) NOT NULL,
  `nom_matiere` varchar(100) DEFAULT NULL,
  `image` longtext NOT NULL
) ENGINE=InnoDB DEFAULT CHARSET=utf8 COLLATE=utf8_general_ci;

--
-- Déchargement des données de la table `matiere`
--

INSERT INTO `matiere` (`id_matiere`, `nom_matiere`, `image`) VALUES
(1, 'Mathématiques', 'https://img.freepik.com/vecteurs-libre/tableau-maths_23-2148178220.jpg?size=626&ext=jpg&uid=R71312413&ga=GA1.1.1544031066.1700396724&semt=sph'),
(2, 'Physiques', 'https://img.freepik.com/vecteurs-libre/formules-scientifiques-dessinees-main-tableau-noir_23-2148495302.jpg?size=626&ext=jpg&uid=R71312413&ga=GA1.1.1544031066.1700396724&semt=sph'),
(3, 'Informatique', 'https://img.freepik.com/vecteurs-premium/ingenieur-developpeur-programmeur-ordinateur-portable-assis-au-bureau-tenant-stylo-tout-codant-developpant-illustration-concept_270158-427.jpg?size=626&ext=jpg&uid=R71312413&ga=GA1.1.1544031066.1700396724&semt=sph'),
(4, 'Anglais', 'https://img.freepik.com/vecteurs-premium/differentes-langues-pays-fond-sombre-pour-couverture-banniere-langue-maternelle-internationale_179104-84.jpg?size=626&ext=jpg&uid=R71312413&ga=GA1.1.1544031066.1700396724&semt=sph'),
(5, 'Francais', 'https://img.freepik.com/vecteurs-libre/apprentissage-illustration-du-concept-francais_114360-15692.jpg?size=626&ext=jpg&uid=R71312413&ga=GA1.1.1544031066.1700396724&semt=ais');

-- --------------------------------------------------------

--
-- Structure de la table `users`
--

CREATE TABLE `users` (
  `id_user` int(11) NOT NULL,
  `nom` varchar(100) NOT NULL,
  `prenom` varchar(100) NOT NULL,
  `username` varchar(100) NOT NULL,
  `mot_de_passe` varchar(100) NOT NULL,
  `email` varchar(100) NOT NULL,
  `date_creation` datetime NOT NULL,
  `derniere_connexion` datetime NOT NULL
) ENGINE=MyISAM DEFAULT CHARSET=latin1 COLLATE=latin1_swedish_ci;

--
-- Déchargement des données de la table `users`
--

INSERT INTO `users` (`id_user`, `nom`, `prenom`, `username`, `mot_de_passe`, `email`, `date_creation`, `derniere_connexion`) VALUES
(1, 'ELBOUBKARI', 'Soufiane', 'sfn123', 'Sfn@12345678', 'soufiane@gmail.com', '2023-12-29 11:50:50', '2023-12-29 11:50:50'),
(2, 'Doe', 'John', 'jdoe123', 'Jdoe@12345678', 'john.doe@example.com', '2023-12-29 11:50:50', '2023-12-29 11:50:50'),
(3, 'Smith', 'Emma', 'esmith123', 'Esmith@12345678', 'emma.smith@example.com', '2023-12-29 11:50:50', '2023-12-29 11:50:50'),
(4, 'Johnson', 'Michael', 'mjohnson123', 'Mjohnson@12345678', 'michael.johnson@example.com', '2023-12-29 11:50:50', '2023-12-29 11:50:50'),
(5, 'Williams', 'Sophia', 'swilliams123', 'Swilliams@12345678', 'sophia.williams@example.com', '2023-12-29 11:50:50', '2023-12-29 11:50:50'),
(6, 'Brown', 'Oliver', 'obrown123', 'Obrown@12345678', 'oliver.brown@example.com', '2023-12-29 11:50:50', '2023-12-29 11:50:50'),
(7, 'Taylor', 'Ava', 'ataylor123', 'Ataylor@12345678', 'ava.taylor@example.com', '2023-12-29 11:50:50', '2023-12-29 11:50:50'),
(8, 'Miller', 'Noah', 'nmiller123', 'Nmiller@12345678', 'noah.miller@example.com', '2023-12-29 11:50:50', '2023-12-29 11:50:50'),
(9, 'Thomas', 'Ethan', 'ethomas123', 'Ethomas@12345678', 'ethan.thomas@example.com', '2023-12-29 11:50:50', '2023-12-29 11:50:50');

--
-- Déclencheurs `users`
--
DELIMITER $$
CREATE TRIGGER `tr_users_delete` AFTER DELETE ON `users` FOR EACH ROW BEGIN
    INSERT INTO historique (id_user, action_type, affected_table, updated_fields, created_at)
    VALUES (OLD.id_user, 'delete', 'users', 'ALL', NOW());
END
$$
DELIMITER ;
DELIMITER $$
CREATE TRIGGER `tr_users_insert` AFTER INSERT ON `users` FOR EACH ROW BEGIN
    INSERT INTO historique (id_user, action_type, affected_table, updated_fields, created_at)
    VALUES (COALESCE(NEW.id_user, 0), 'ajout', 'users', 'ALL', NOW());
END
$$
DELIMITER ;
DELIMITER $$
CREATE TRIGGER `tr_users_update` AFTER UPDATE ON `users` FOR EACH ROW BEGIN
    INSERT INTO historique (id_user, action_type, affected_table, updated_fields, created_at)
    VALUES (COALESCE(NEW.id_user, 0), 'update', 'users', CONCAT('nom: ', NEW.nom, ', prenom: ', NEW.prenom, ', email: ', NEW.email), NOW());
END
$$
DELIMITER ;

--
-- Index pour les tables déchargées
--

--
-- Index pour la table `concours`
--
ALTER TABLE `concours`
  ADD PRIMARY KEY (`id_cnc`),
  ADD KEY `fk_idu_Us` (`id_user`),
  ADD KEY `ecole` (`ecole`),
  ADD KEY `matiere` (`matiere`);

--
-- Index pour la table `ecole`
--
ALTER TABLE `ecole`
  ADD PRIMARY KEY (`id_ecole`);

--
-- Index pour la table `ecolematiere`
--
ALTER TABLE `ecolematiere`
  ADD KEY `id_ecole` (`id_ecole`),
  ADD KEY `id_matiere` (`id_matiere`);

--
-- Index pour la table `historique`
--
ALTER TABLE `historique`
  ADD PRIMARY KEY (`id_action`),
  ADD KEY `fk_idu_Hi` (`id_user`);

--
-- Index pour la table `matiere`
--
ALTER TABLE `matiere`
  ADD PRIMARY KEY (`id_matiere`);

--
-- Index pour la table `users`
--
ALTER TABLE `users`
  ADD PRIMARY KEY (`id_user`);

--
-- AUTO_INCREMENT pour les tables déchargées
--

--
-- AUTO_INCREMENT pour la table `concours`
--
ALTER TABLE `concours`
  MODIFY `id_cnc` int(11) NOT NULL AUTO_INCREMENT, AUTO_INCREMENT=28;

--
-- AUTO_INCREMENT pour la table `ecole`
--
ALTER TABLE `ecole`
  MODIFY `id_ecole` int(11) NOT NULL AUTO_INCREMENT, AUTO_INCREMENT=10;

--
-- AUTO_INCREMENT pour la table `historique`
--
ALTER TABLE `historique`
  MODIFY `id_action` int(11) NOT NULL AUTO_INCREMENT, AUTO_INCREMENT=30;

--
-- AUTO_INCREMENT pour la table `matiere`
--
ALTER TABLE `matiere`
  MODIFY `id_matiere` int(11) NOT NULL AUTO_INCREMENT, AUTO_INCREMENT=6;

--
-- AUTO_INCREMENT pour la table `users`
--
ALTER TABLE `users`
  MODIFY `id_user` int(11) NOT NULL AUTO_INCREMENT, AUTO_INCREMENT=10;

--
-- Contraintes pour les tables déchargées
--

--
-- Contraintes pour la table `ecolematiere`
--
ALTER TABLE `ecolematiere`
  ADD CONSTRAINT `ecolematiere_ibfk_1` FOREIGN KEY (`id_ecole`) REFERENCES `ecole` (`id_ecole`) ON DELETE CASCADE ON UPDATE CASCADE,
  ADD CONSTRAINT `ecolematiere_ibfk_2` FOREIGN KEY (`id_matiere`) REFERENCES `matiere` (`id_matiere`);
COMMIT;

/*!40101 SET CHARACTER_SET_CLIENT=@OLD_CHARACTER_SET_CLIENT */;
/*!40101 SET CHARACTER_SET_RESULTS=@OLD_CHARACTER_SET_RESULTS */;
/*!40101 SET COLLATION_CONNECTION=@OLD_COLLATION_CONNECTION */;
